DROP DATABASE IF EXISTS kinoteka;
CREATE DATABASE kinoteka;
USE kinoteka;

                                   /* СОЗДАНИЕ ТАБЛИЦ И ИХ ЗАПОЛНЕНИЕ */

# 1. Типы файлов
DROP TABLE IF EXISTS file_types;
CREATE TABLE file_types(
	id BIGINT UNSIGNED NOT NULL AUTO_INCREMENT PRIMARY KEY,
	type VARCHAR(20) NOT NULL UNIQUE -- Тип файла
);

INSERT INTO `file_types` VALUES (1,' photo'),(2,' cover'),(3,'video');

# 2. Список файлов
DROP TABLE IF EXISTS files;
CREATE TABLE files(
	id BIGINT UNSIGNED NOT NULL AUTO_INCREMENT PRIMARY KEY,
	type_id BIGINT UNSIGNED NOT NULL, -- Тип файла
	filename VARCHAR(100) NOT NULL UNIQUE, -- Имя файла
	created_at DATETIME DEFAULT NOW(),  -- Дата и время создания
	updated_at DATETIME ON UPDATE NOW(),  -- Дата и время обновления данных
	size BIGINT UNSIGNED NOT NULL,  -- Размер файла
	FOREIGN KEY (type_id) REFERENCES file_types(id)
);

INSERT INTO `files` VALUES (1,2,'mdb.jpg','2018-01-14 06:14:08','2021-05-20 11:42:34',10579833690),(2,2,'iso.jpg','2008-01-04 23:42:55','2021-05-19 14:01:37',6653020434),(3,2,'gnumeric.jpg','1999-01-20 19:33:24','2021-05-20 11:42:34',9080524296),(4,2,'npx.jpg','2014-05-04 21:06:10','2021-05-20 11:42:34',954281743),(5,2,'uvg.jpg','1971-04-04 05:15:27','2021-05-19 14:01:37',7541941595),(6,2,'curl.jpg','1999-06-24 23:56:55','2021-05-20 11:42:34',965721368),(7,2,'oth.jpg','2012-10-14 10:30:02','2021-05-20 11:42:34',3783619519),(8,2,'x3db.jpg','1986-12-30 17:47:10','2021-05-19 14:01:37',5582995194),(9,2,'ttl.jpg','1979-01-06 03:57:17','2021-05-20 11:42:34',2749229974),(10,2,'eot.jpg','1975-11-09 17:45:23','2021-05-20 11:42:34',8626815971),(11,2,'odt.jpg','1988-12-12 06:06:25','2021-05-19 14:01:37',5760503339),(12,2,'ustar.jpg','1981-02-14 10:38:02','2021-05-20 11:42:34',1586482901),(13,2,'omdoc.jpg','2003-08-05 03:40:35','2021-05-20 11:42:34',3066063961),(14,2,'chat.jpg','2008-08-22 02:03:04','2021-05-19 14:01:37',1222451660),(15,2,'7z.jpg','1986-09-08 12:02:21','2021-05-20 11:42:34',149648578),(16,2,'pic.jpg','1986-08-03 18:42:03','2021-05-20 11:42:34',8652435355),(17,2,'geo.jpg','1987-04-12 02:08:37','2021-05-19 14:01:37',2851798668),(18,2,'mxs.jpg','2006-10-11 21:05:29','2021-05-20 11:42:34',5606487534),(19,2,'ahead.jpg','1975-09-06 15:25:51','2021-05-20 11:42:34',734639657),(20,2,'xlsx.jpg','1970-11-26 22:03:39','2021-05-19 14:01:37',423775531),(21,2,'cil.jpg','2000-10-22 13:39:07','2021-05-20 11:42:34',4391479152),(22,2,'ras.jpg','1995-04-30 01:05:29','2021-05-20 11:42:34',584661059),(23,2,'ims.jpg','2009-02-08 17:15:51','2021-05-19 14:01:37',6027078882),(24,2,'jsonml.jpg','1970-12-03 12:29:43','2021-05-20 11:42:34',8446338558),(25,2,'123.jpg','1984-01-04 11:53:17','2021-05-20 11:42:34',3768589545),(26,2,'rlc.jpg','2015-03-11 18:31:41','2021-05-19 14:01:37',3160477149),(27,2,'css.jpg','1983-06-11 12:28:50','2021-05-20 11:42:34',806419999),(28,2,'ez2.jpg','1975-08-11 07:47:23','2021-05-20 11:42:34',9184923303),(29,2,'sbml.jpg','1976-12-06 22:27:28','2021-05-19 14:01:37',4396668695),(30,2,'ppm.jpg','1985-06-28 08:35:43','2021-05-20 11:42:34',7311641332),(31,2,'xz.jpg','1980-12-19 22:10:36','2021-05-20 11:42:34',8350560770),(32,2,'lha.jpg','1975-01-12 10:28:40','2021-05-19 14:01:37',9994004316),(33,2,'obj.jpg','2010-01-14 08:35:54','2021-05-20 11:42:34',4050788298),(34,2,'spot.jpg','2018-01-30 05:30:25','2021-05-20 11:42:34',10559873922),(35,2,'ogx.jpg','2011-02-01 20:31:19','2021-05-19 14:01:37',9825716836),(36,2,'uoml.jpg','1981-07-14 19:26:28','2021-05-20 11:42:34',7593237884),(37,2,'xdf.jpg','1971-01-15 02:43:49','2021-05-20 11:42:34',2016510220),(38,2,'mseed.jpg','1993-01-01 02:21:06','2021-05-19 14:01:37',5604664030),(39,2,'uvd.jpg','1981-04-26 15:32:51','2021-05-20 11:42:34',7702519152),(40,2,'unityweb.jpg','2013-12-28 23:57:35','2021-05-20 11:42:34',7970492219),(41,2,'crd.jpg','1983-09-03 00:31:18','2021-05-19 14:01:37',2671494286),(42,2,'n3.jpg','1984-09-21 08:03:59','2021-05-20 11:42:34',5670812606),(43,2,'odft.jpg','2001-07-23 13:08:35','2021-05-20 11:42:34',459194487),(44,2,'mcurl.jpg','2019-06-08 15:08:38','2021-05-19 14:01:37',8646457015),(45,2,'odp.jpg','2017-01-19 20:02:50','2021-05-20 11:42:34',4461212587),(46,2,'stw.jpg','1974-03-11 12:15:18','2021-05-20 11:42:34',1132771372),(47,2,'vtu.jpg','2015-09-30 15:31:08','2021-05-19 14:01:37',5022581583),(48,2,'pgm.jpg','2007-08-24 13:41:18','2021-05-20 11:42:34',4307171498),(49,2,'fvt.jpg','1994-08-01 02:04:16','2021-05-20 11:42:34',4360976882),(50,2,'stl.jpg','1976-02-11 03:39:27','2021-05-19 14:01:37',9523475618),(51,3,'ods.mp4','1998-05-15 18:29:17','2021-05-19 14:01:37',9973526602),(52,3,'sdfg.mp4','1975-03-18 19:42:31','2021-05-20 11:42:11',4688926358),(53,3,'wpl.mp4','1976-01-31 18:54:34','2021-05-20 11:42:11',1830924110),(54,3,'xsm.mp4','1985-10-25 09:32:21','2021-05-19 14:01:37',9547485579),(55,3,'vxml.mp4','1988-04-21 20:29:07','2021-05-20 11:42:11',4748065848),(56,3,'jpgm.mp4','2015-11-07 12:36:11','2021-05-20 11:42:11',5795630289),(57,3,'qam.mp4','1989-12-08 03:50:05','2021-05-19 14:01:37',6461446664),(58,3,'slt.mp4','2012-04-08 09:00:29','2021-05-20 11:42:11',8669193816),(59,3,'mods.mp4','1990-04-20 23:05:07','2021-05-20 11:42:11',4056614001),(60,3,'bdm.mp4','1992-07-20 20:16:52','2021-05-19 14:01:37',8113166795),(61,3,'oti.mp4','2017-07-01 19:19:41','2021-05-20 11:42:11',5337563102),(62,3,'uu.mp4','2003-11-14 02:37:26','2021-05-20 11:42:11',5448025695),(63,3,'ppam.mp4','1974-02-25 02:22:21','2021-05-19 14:01:37',4362786796),(64,3,'yin.mp4','2004-09-13 07:15:20','2021-05-20 11:42:11',10066477255),(65,3,'3ds.mp4','1973-10-03 13:53:13','2021-05-20 11:42:11',10542564887),(66,3,'f4v.mp4','2007-05-03 19:27:38','2021-05-19 14:01:37',8023933340),(67,3,'sid.mp4','1996-02-06 19:01:54','2021-05-20 11:42:11',7721138425),(68,3,'potm.mp4','1973-04-11 22:48:14','2021-05-20 11:42:11',10331637046),(69,3,'wmlc.mp4','2010-09-08 17:24:50','2021-05-19 14:01:37',10219357100),(70,3,'htke.mp4','2002-10-02 23:27:03','2021-05-20 11:42:11',7949409579),(71,3,'otg.mp4','1978-11-07 02:33:39','2021-05-20 11:42:11',5880398117),(72,3,'gca.mp4','1979-07-27 14:32:50','2021-05-19 14:01:37',3675080874),(73,3,'jar.mp4','1984-08-14 13:42:52','2021-05-20 11:42:11',8333235186),(74,3,'xpm.mp4','2000-08-27 09:27:32','2021-05-20 11:42:11',1092099211),(75,3,'uvvf.mp4','1981-04-16 15:14:14','2021-05-19 14:01:37',3428137765),(76,3,'gif.mp4','1988-05-29 21:10:42','2021-05-20 11:42:11',8551593259),(77,3,'dgc.mp4','1980-07-28 04:30:55','2021-05-20 11:42:11',1630573564),(78,3,'vis.mp4','2000-08-14 03:42:48','2021-05-19 14:01:37',4759549241),(79,3,'twds.mp4','2002-01-04 19:31:31','2021-05-20 11:42:11',5831138991),(80,3,'ris.mp4','1981-05-28 14:57:18','2021-05-20 11:42:11',9183106409),(81,3,'sub.mp4','1998-02-12 19:39:50','2021-05-19 14:01:37',8966844452),(82,3,'wbmp.mp4','1978-10-21 00:58:47','2021-05-20 11:42:11',9344947132),(83,3,'dotm.mp4','2003-09-23 09:51:18','2021-05-20 11:42:11',9717290811),(84,3,'tra.mp4','1977-12-27 03:34:37','2021-05-19 14:01:37',4467461234),(85,3,'dart.mp4','2018-02-08 12:42:41','2021-05-20 11:42:11',1603668357),(86,3,'dsc.mp4','1978-10-12 20:34:13','2021-05-20 11:42:11',1069477840),(87,3,'chm.mp4','1984-05-15 17:11:23','2021-05-19 14:01:37',3782384513),(88,3,'wgt.mp4','2005-08-26 18:43:14','2021-05-20 11:42:11',9304510435),(89,3,'wmlsc.mp4','1983-12-08 11:44:08','2021-05-20 11:42:11',5526235470),(90,3,'nsc.mp4','1985-02-24 01:02:03','2021-05-19 14:01:37',6970381125),(91,3,'wmz.mp4','1973-05-18 21:19:30','2021-05-20 11:42:11',5003123081),(92,3,'h264.mp4','2019-12-23 14:15:34','2021-05-20 11:42:11',2358909282),(93,3,'fh5.mp4','1974-02-16 01:01:42','2021-05-19 14:01:37',1091213473),(94,3,'vcard.mp4','1998-02-26 01:26:32','2021-05-20 11:42:11',2173573985),(95,3,'wmx.mp4','1981-07-17 20:02:23','2021-05-20 11:42:11',5990372933),(96,3,'src.mp4','1978-05-20 10:28:04','2021-05-19 14:01:37',209467515),(97,3,'csv.mp4','1998-12-26 08:31:46','2021-05-20 11:42:11',5911082644),(98,3,'ipk.mp4','2005-01-29 00:36:33','2021-05-20 11:42:11',9146999821),(99,3,'pskcxml.mp4','1985-03-21 20:58:53','2021-05-19 14:01:37',8164771354),(100,3,'vcf.mp4','2002-05-14 13:51:13','2021-05-20 11:42:11',2745577309),(101,3,'wml.mp4','2011-07-11 13:58:46','2021-05-20 11:41:40',4872655287),(102,3,'zip.mp4','2006-08-29 10:23:48','2021-05-19 14:01:37',997196027),(103,3,'wbxml.mp4','1976-03-11 18:24:10','2021-05-20 11:41:40',5004796166),(104,3,'air.mp4','2005-06-06 17:29:06','2021-05-20 11:41:40',2746782731),(105,3,'cat.mp4','2005-05-07 04:20:06','2021-05-19 14:01:37',5754082820),(106,3,'bed.mp4','1972-04-02 06:09:00','2021-05-20 11:41:40',4385018740),(107,3,'vcx.mp4','2005-11-29 00:10:33','2021-05-20 11:41:40',9462515385),(108,3,'stf.mp4','2008-11-27 20:59:52','2021-05-19 14:01:37',4684707389),(109,3,'mxu.mp4','2010-02-22 04:04:44','2021-05-20 11:41:40',10099982437),(110,3,'xps.mp4','2003-07-27 09:18:07','2021-05-20 11:41:40',6151795765),(111,3,'xlam.mp4','1998-03-15 17:30:23','2021-05-19 14:01:37',3873851586),(112,3,'ecma.mp4','1992-04-02 07:53:20','2021-05-20 11:41:40',4695143362),(113,3,'woff.mp4','1999-08-14 21:49:29','2021-05-20 11:41:40',3078371144),(114,3,'h261.mp4','2017-06-08 16:08:05','2021-05-19 14:01:37',5543402352),(115,3,'ez3.mp4','2004-10-14 12:59:35','2021-05-20 11:41:40',6577589656),(116,3,'vob.mp4','1978-08-27 17:00:28','2021-05-20 11:41:40',712912643),(117,3,'pbm.mp4','2007-09-23 00:42:22','2021-05-19 14:01:37',8845710698),(118,3,'sxc.mp4','2016-08-25 10:38:19','2021-05-20 11:41:40',5409782814),(119,3,'obd.mp4','1990-11-10 21:09:27','2021-05-20 11:41:40',9627728637),(120,3,'eml.mp4','1987-09-30 18:53:38','2021-05-19 14:01:37',4318731071),(121,3,'ico.mp4','1983-04-25 14:34:19','2021-05-20 11:41:40',8266024736),(122,3,'dae.mp4','1970-02-23 16:30:54','2021-05-20 11:41:40',7042790187),(123,3,'opml.mp4','2015-04-08 21:00:36','2021-05-19 14:01:37',5164578801),(124,3,'rar.mp4','1980-12-09 20:11:39','2021-05-20 11:41:40',3279475644),(125,3,'cab.mp4','1988-04-30 13:56:49','2021-05-20 11:41:40',5994307935),(126,3,'cod.mp4','1971-03-05 03:41:30','2021-05-19 14:01:37',782702310),(127,3,'gramps.mp4','1993-09-24 12:16:33','2021-05-20 11:41:40',9783742787),(128,3,'uvvv.mp4','1982-03-30 12:01:35','2021-05-20 11:41:40',8115232112),(129,3,'3gp.mp4','1971-04-24 16:55:01','2021-05-19 14:01:37',10261926075),(130,3,'sql.mp4','2018-07-23 07:29:05','2021-05-20 11:41:40',2142121630),(131,3,'ief.mp4','1988-09-22 19:13:41','2021-05-20 11:41:40',388626422),(132,3,'mlp.mp4','2010-09-06 08:02:17','2021-05-19 14:01:37',4467974285),(133,3,'lbd.mp4','2011-11-15 09:34:01','2021-05-20 11:41:40',3300866894),(134,3,'m4u.mp4','2009-12-31 09:36:53','2021-05-20 11:41:40',1377435300),(135,3,'dot.mp4','1973-05-07 05:49:38','2021-05-19 14:01:37',6815321259),(136,3,'wdp.mp4','1982-11-23 08:57:11','2021-05-20 11:41:40',10360114158),(137,3,'urls.mp4','1975-12-17 01:07:41','2021-05-20 11:41:40',2174983708),(138,3,'jnlp.mp4','2018-01-27 20:45:40','2021-05-19 14:01:37',9123493407),(139,3,'lbe.mp4','1979-11-11 22:04:46','2021-05-20 11:41:40',4576819999),(140,3,'rip.mp4','2003-08-02 21:47:41','2021-05-20 11:41:40',8682992653),(141,3,'uvvt.mp4','1972-06-20 17:10:14','2021-05-19 14:01:37',4957389881),(142,3,'docm.mp4','1983-11-27 17:50:49','2021-05-20 11:41:40',10476288553),(143,3,'x3d.mp4','1996-07-24 18:24:37','2021-05-20 11:41:40',3379485505),(144,3,'mka.mp4','2012-10-01 13:41:02','2021-05-19 14:01:37',4553548069),(145,3,'wav.mp4','1993-05-03 21:51:51','2021-05-20 11:41:40',1326440161),(146,3,'ufd.mp4','2002-03-21 08:42:09','2021-05-20 11:41:40',3379039071),(147,3,'nbp.mp4','1993-12-20 19:56:49','2021-05-19 14:01:37',8639288227),(148,3,'ps.mp4','2020-09-14 16:18:40','2021-05-20 11:41:40',3095897553),(149,3,'dpg.mp4','1989-11-29 18:30:07','2021-05-20 11:41:40',7484048900),(150,3,'xop.mp4','2008-02-08 14:26:57','2021-05-19 14:01:37',3198005264),(151,3,'webm.mp4','1995-04-26 02:35:49','2021-05-20 11:41:40',5566310744),(152,3,'pps.mp4','2015-09-09 11:23:12','2021-05-20 11:41:40',5331528505),(153,3,'xar.mp4','1980-05-05 16:13:02','2021-05-19 14:01:37',62074844),(154,3,'flw.mp4','1985-06-12 05:32:44','2021-05-20 11:41:40',315179249),(155,3,'js.mp4','1984-05-24 07:59:14','2021-05-20 11:41:40',5942404780),(156,3,'svgz.mp4','1996-09-12 16:03:19','2021-05-19 14:01:37',5350974328),(157,3,'odc.mp4','2018-09-17 22:54:04','2021-05-20 11:41:40',5122370184),(158,3,'scm.mp4','2019-09-09 03:09:49','2021-05-20 11:41:40',3345056717),(159,3,'png.mp4','1986-03-23 18:34:08','2021-05-19 14:01:37',10206841162),(160,3,'xdp.mp4','2011-07-05 04:51:22','2021-05-20 11:41:40',9447581997),(161,3,'igl.mp4','2002-02-24 19:22:08','2021-05-20 11:41:40',186990022),(162,3,'gdl.mp4','1982-03-04 20:57:36','2021-05-19 14:01:37',845364832),(163,3,'vsf.mp4','1990-04-13 19:57:33','2021-05-20 11:41:40',6049122321),(164,3,'wpd.mp4','1971-05-22 12:08:04','2021-05-20 11:41:40',627597876),(165,3,'gam.mp4','1989-07-03 06:21:18','2021-05-19 14:01:37',740683694),(166,3,'rss.mp4','1999-09-04 21:51:59','2021-05-20 11:41:40',1857612167),(167,3,'tcl.mp4','2016-01-20 13:39:48','2021-05-20 11:41:40',902916033),(168,3,'cap.mp4','1998-12-06 08:53:42','2021-05-19 14:01:37',2808051189),(169,3,'icm.mp4','2010-02-02 11:16:36','2021-05-20 11:41:40',2072729529),(170,3,'mkv.mp4','2005-08-24 17:38:48','2021-05-20 11:41:40',6563036570),(171,3,'jpgv.mp4','1982-06-10 20:30:29','2021-05-19 14:01:37',6525082105),(172,3,'hal.mp4','2002-12-06 05:45:45','2021-05-20 11:41:40',4030362067),(173,3,'uvt.mp4','2000-01-18 04:44:47','2021-05-20 11:41:40',1685722979),(174,3,'xslt.mp4','1980-04-29 08:49:41','2021-05-19 14:01:37',773592579),(175,3,'dna.mp4','1970-11-17 06:04:57','2021-05-20 11:41:40',9453343803),(176,3,'mpp.mp4','1973-05-18 20:13:05','2021-05-20 11:41:40',9574602885),(177,3,'dvb.mp4','2002-08-18 22:53:46','2021-05-19 14:01:37',8341604482),(178,3,'sxw.mp4','2004-01-21 09:56:53','2021-05-20 11:41:40',4989473996),(179,3,'xlsb.mp4','1981-02-22 04:13:00','2021-05-20 11:41:40',3994033715),(180,3,'dfac.mp4','1993-01-13 03:05:26','2021-05-19 14:01:37',10635843929),(181,3,'odg.mp4','2007-05-27 14:46:38','2021-05-20 11:41:40',7064069037),(182,3,'apr.mp4','2001-05-21 06:59:40','2021-05-20 11:41:40',10341590531),(183,3,'hdf.mp4','1978-08-10 04:33:22','2021-05-19 14:01:37',3013429691),(184,3,'stc.mp4','2016-06-28 03:33:41','2021-05-20 11:41:40',8632682427),(185,3,'mdi.mp4','1992-11-17 07:12:24','2021-05-20 11:41:40',8517030512),(186,3,'fst.mp4','2014-08-12 15:14:12','2021-05-19 14:01:37',5664395632),(187,3,'rtf.mp4','1991-09-29 13:01:08','2021-05-20 11:41:40',2523086653),(188,3,'btif.mp4','2016-06-19 20:04:06','2021-05-20 11:41:40',4684167575),(189,3,'musicxml.mp4','2001-05-13 19:32:45','2021-05-19 14:01:37',7583334236),(190,3,'wvx.mp4','2021-05-15 22:18:06','2021-05-20 11:41:40',3490306591),(191,3,'sse.mp4','1990-01-30 13:59:28','2021-05-20 11:41:40',5754270316),(192,3,'vcd.mp4','1980-12-16 20:08:40','2021-05-19 14:01:37',6146306047),(193,3,'ots.mp4','2020-07-02 23:54:17','2021-05-20 11:41:40',6482513494),(194,3,'sfv.mp4','1992-04-13 06:28:04','2021-05-20 11:41:40',10336981451),(195,3,'jpm.mp4','1997-01-04 10:35:37','2021-05-19 14:01:37',3086028164),(196,3,'fbs.mp4','1984-07-20 11:55:11','2021-05-20 11:41:40',2154488945),(197,3,'3dml.mp4','1996-02-02 23:55:25','2021-05-20 11:41:40',194853982),(198,3,'swf.mp4','1980-07-17 06:46:53','2021-05-19 14:01:37',939523892),(199,3,'flac.mp4','2011-12-09 17:57:08','2021-05-20 11:41:40',7287123796),(200,3,'emma.mp4','1992-02-28 06:05:12','2021-05-20 11:41:40',2433149752),(201,2,'pct.jpg','1983-02-06 01:31:07','2021-05-20 11:43:36',3655531257),(202,2,'wax.jpg','2000-05-27 06:56:19','2021-05-20 11:43:36',7165236398),(203,2,'spl.jpg','1994-08-06 19:50:14','2021-05-19 14:01:37',8155242679),(204,2,'sis.jpg','2006-05-23 06:54:27','2021-05-20 11:43:36',14596693),(205,2,'mts.jpg','2016-05-17 06:17:30','2021-05-20 11:43:36',9640992750),(206,2,'h263.jpg','2017-07-20 16:56:11','2021-05-19 14:01:37',6432459531),(207,2,'dcurl.jpg','1974-07-30 04:41:43','2021-05-20 11:43:36',3291406870),(208,2,'xm.jpg','1990-02-01 01:51:00','2021-05-20 11:43:36',10357612897),(209,2,'svg.jpg','2021-04-27 03:19:04','2021-05-19 14:01:37',3062095125),(210,2,'csh.jpg','1990-01-03 16:49:10','2021-05-20 11:43:36',6463567793),(211,2,'ksp.jpg','2004-08-12 08:27:39','2021-05-20 11:43:36',1761853158),(212,2,'sxd.jpg','2000-08-31 06:23:59','2021-05-19 14:01:37',4478894184),(213,2,'xenc.jpg','2015-01-17 03:22:16','2021-05-20 11:43:36',3445813792),(214,2,'chrt.jpg','1996-03-30 09:51:19','2021-05-20 11:43:36',10572893831),(215,2,'sv4cpio.jpg','1971-12-22 20:46:15','2021-05-19 14:01:37',5510408025),(216,2,'asm.jpg','1973-11-14 06:37:01','2021-05-20 11:43:36',5674799231),(217,2,'pcap.jpg','2018-08-15 19:20:40','2021-05-20 11:43:36',2999821380),(218,2,'etx.jpg','1976-11-09 12:15:51','2021-05-19 14:01:37',9207998532),(219,2,'sxg.jpg','2018-01-21 21:40:43','2021-05-20 11:43:36',8469621667),(220,2,'pyv.jpg','2006-09-07 16:47:24','2021-05-20 11:43:36',4161810074),(221,2,'fig.jpg','1988-09-01 05:12:42','2021-05-19 14:01:37',1040556969),(222,2,'ogv.jpg','2016-08-21 03:53:02','2021-05-20 11:43:36',4590937731),(223,2,'mathml.jpg','1985-07-15 06:37:07','2021-05-20 11:43:36',9928037212),(224,2,'uvvg.jpg','2019-06-04 12:06:34','2021-05-19 14:01:37',3323395605),(225,2,'uvvu.jpg','1997-11-02 11:24:33','2021-05-20 11:43:36',6691963137),(226,2,'dtd.jpg','1989-03-26 12:55:12','2021-05-20 11:43:36',5091977963),(227,2,'htm.jpg','2011-10-06 10:26:21','2021-05-19 14:01:37',8683093288),(228,2,'fly.jpg','1977-09-22 13:07:11','2021-05-20 11:43:36',6810380010),(229,2,'tar.jpg','2004-03-24 08:13:35','2021-05-20 11:43:36',2873518313),(230,2,'potx.jpg','2009-01-13 15:11:22','2021-05-19 14:01:37',8784773214),(231,2,'uvvz.jpg','1980-02-09 02:51:40','2021-05-20 11:43:36',7239015315),(232,2,'fe_launch.jpg','2010-06-14 21:30:56','2021-05-20 11:43:36',7815031232),(233,2,'xap.jpg','2018-04-18 20:09:52','2021-05-19 14:01:37',4619903145),(234,2,'lrm.jpg','2010-04-10 03:16:06','2021-05-20 11:43:36',5960395762),(235,2,'vsw.jpg','1977-02-05 05:21:38','2021-05-20 11:43:36',3429014123),(236,2,'viv.jpg','1999-09-26 04:34:04','2021-05-19 14:01:37',9800887380),(237,2,'xltm.jpg','2015-04-28 16:47:31','2021-05-20 11:43:36',602467250),(238,2,'texinfo.jpg','2004-05-20 08:36:52','2021-05-20 11:43:36',8895189599),(239,2,'pnm.jpg','2005-10-24 00:02:09','2021-05-19 14:01:37',4408042827),(240,2,'clp.jpg','1982-02-02 15:18:43','2021-05-20 11:43:36',6177102118),(241,2,'wsdl.jpg','1983-02-21 05:20:49','2021-05-20 11:43:36',2396552217),(242,2,'st.jpg','1997-01-31 06:57:44','2021-05-19 14:01:37',5208297567),(243,2,'ufdl.jpg','1983-05-18 19:18:59','2021-05-20 11:43:36',169139013),(244,2,'wma.jpg','2017-01-16 15:41:24','2021-05-20 11:43:36',4376595667),(245,2,'wspolicy.jpg','1974-01-18 02:30:58','2021-05-19 14:01:37',8028265619),(246,2,'gtw.jpg','1983-09-29 02:37:26','2021-05-20 11:43:36',9001510819),(247,2,'xwd.jpg','1986-11-30 09:16:18','2021-05-20 11:43:36',1460504883),(248,2,'udeb.jpg','2020-12-14 10:28:49','2021-05-19 14:01:37',7654854410),(249,2,'see.jpg','1976-06-29 04:58:01','2021-05-20 11:43:36',9342692494),(250,2,'f77.jpg','1999-08-28 03:38:02','2021-05-20 11:43:36',8841992686),(251,2,'ulx.jpg','1996-04-25 06:45:12','2021-05-19 14:01:37',7658263243),(252,2,'xvml.jpg','1997-05-23 23:00:07','2021-05-20 11:43:36',4923141854),(253,2,'sldm.jpg','1973-11-28 21:47:05','2021-05-20 11:43:36',9869225956),(254,2,'ssf.jpg','2008-05-29 01:14:44','2021-05-19 14:01:37',7371375033),(255,2,'sit.jpg','1993-04-09 04:06:01','2021-05-20 11:43:36',3903494612),(256,2,'susp.jpg','2009-07-17 18:00:55','2021-05-20 11:43:36',3322872620),(257,2,'uvi.jpg','1977-03-17 13:10:47','2021-05-19 14:01:37',35839265),(258,2,'mp4.jpg','1992-01-26 17:53:57','2021-05-20 11:43:36',7304940101),(259,2,'webp.jpg','1985-05-21 17:39:31','2021-05-20 11:43:36',5438251901),(260,2,'xpl.jpg','1991-09-29 17:36:23','2021-05-19 14:01:37',6335727794),(261,2,'mus.jpg','2012-03-25 01:05:57','2021-05-20 11:43:36',9944655679),(262,2,'z1.jpg','2018-07-24 10:51:10','2021-05-20 11:43:36',3609353234),(263,2,'semd.jpg','2010-07-02 23:23:45','2021-05-19 14:01:37',8610544597),(264,2,'sgi.jpg','1970-08-07 03:13:12','2021-05-20 11:43:36',1046829090),(265,2,'pdf.jpg','2006-03-03 06:35:00','2021-05-20 11:43:36',924696724),(266,2,'doc.jpg','2015-08-26 03:42:40','2021-05-19 14:01:37',8068587096),(267,2,'emz.jpg','2006-10-06 04:10:22','2021-05-20 11:43:36',2867833179),(268,2,'afm.jpg','1974-12-19 03:17:04','2021-05-20 11:43:36',2918996244),(269,2,'psd.jpg','1983-08-28 17:13:14','2021-05-19 14:01:37',3825767244),(270,2,'ftc.jpg','2018-05-15 03:36:58','2021-05-20 11:43:36',3934285869),(271,2,'bmp.jpg','1984-06-11 08:18:27','2021-05-20 11:43:36',2753641269),(272,2,'xfdf.jpg','1976-04-15 11:38:53','2021-05-19 14:01:37',5711820441),(273,2,'x3dv.jpg','2007-12-10 00:23:22','2021-05-20 11:43:36',5186876183),(274,2,'dist.jpg','1991-02-15 02:18:26','2021-05-20 11:43:36',7342230793),(275,2,'txt.jpg','2008-05-24 17:18:02','2021-05-19 14:01:37',2241790892),(276,2,'xaml.jpg','2012-11-29 11:00:34','2021-05-20 11:43:36',9384676097),(277,2,'aac.jpg','1989-03-13 22:08:15','2021-05-20 11:43:36',4452901458),(278,2,'m14.jpg','1976-09-24 17:39:51','2021-05-19 14:01:37',4059892474),(279,2,'pgp.jpg','1977-05-15 09:00:50','2021-05-20 11:43:36',4707423836),(280,2,'knp.jpg','2005-02-10 02:26:09','2021-05-20 11:43:36',8606584786),(281,2,'sv4crc.jpg','1985-12-15 14:58:32','2021-05-19 14:01:37',7049706212),(282,2,'xbap.jpg','2009-09-05 10:33:25','2021-05-20 11:43:36',10201343579),(283,2,'cryptonote.jpg','2008-07-13 17:21:10','2021-05-20 11:43:36',6452683437),(284,2,'wtb.jpg','2000-07-12 13:30:14','2021-05-19 14:01:37',10647185758),(285,2,'mmr.jpg','2007-06-17 01:07:41','2021-05-20 11:43:36',940730434),(286,2,'aiff.jpg','2002-05-08 23:06:04','2021-05-20 11:43:36',8898785607),(287,2,'dxf.jpg','1971-07-12 06:13:05','2021-05-19 14:01:37',4818310978),(288,2,'rmvb.jpg','2013-08-12 14:18:17','2021-05-20 11:43:36',1144398167),(289,2,'m3a.jpg','2009-07-06 10:58:54','2021-05-20 11:43:36',6917838741),(290,2,'karbon.jpg','1989-11-23 13:44:29','2021-05-19 14:01:37',530039823),(291,2,'snd.jpg','1988-11-29 11:12:14','2021-05-20 11:43:36',6088933458),(292,2,'spx.jpg','2018-05-02 00:00:49','2021-05-20 11:43:36',3381889365),(293,2,'sgm.jpg','2017-11-26 10:55:34','2021-05-19 14:01:37',913106722),(294,2,'rif.jpg','1982-05-09 15:15:51','2021-05-20 11:43:36',613028351),(295,2,'uvx.jpg','2017-10-24 17:27:22','2021-05-20 11:43:36',7733216609),(296,2,'mets.jpg','2015-10-14 15:33:53','2021-05-19 14:01:37',1224279573),(297,2,'uvp.jpg','2019-11-03 16:48:31','2021-05-20 11:43:36',10143304496),(298,2,'xpi.jpg','1977-05-02 22:35:39','2021-05-20 11:43:36',283205964),(299,2,'rgb.jpg','1981-01-23 16:54:13','2021-05-19 14:01:37',4520230193),(300,2,'uvh.jpg','1987-03-18 00:30:22','2021-05-20 11:43:36',6825056345),(301,1,'application.jpg','1992-05-07 15:17:47','2021-05-19 14:01:37',1912186025),(302,1,'mpy.jpg','1981-11-18 04:10:08','2021-05-20 11:47:43',6499196954),(303,1,'ptid.jpg','2013-02-14 08:27:58','2021-05-20 11:47:59',279582947),(304,1,'tao.jpg','1989-10-21 08:12:33','2021-05-19 14:01:37',1332797588),(305,1,'adp.jpg','2007-12-15 03:25:37','2021-05-20 11:47:43',7444188901),(306,1,'pls.jpg','1974-04-04 16:33:10','2021-05-20 11:47:59',2537183071),(307,1,'pkipath.jpg','1986-01-18 12:10:05','2021-05-19 14:01:37',1697097596),(308,1,'pki.jpg','1990-08-23 11:57:14','2021-05-20 11:47:43',3497509297),(309,1,'xla.jpg','2013-03-26 16:27:23','2021-05-20 11:47:59',3219261106),(310,1,'wmd.jpg','1975-10-20 23:09:52','2021-05-19 14:01:37',6789581362),(311,1,'g3.jpg','2009-11-21 08:11:05','2021-05-20 11:47:43',4510681238),(312,1,'nfo.jpg','2015-09-09 21:24:28','2021-05-20 11:47:59',8909298136),(313,1,'flv.jpg','2010-02-08 04:11:04','2021-05-19 14:01:37',10732380101),(314,1,'lasxml.jpg','2016-12-02 07:52:52','2021-05-20 11:47:43',8617551753),(315,1,'sti.jpg','2005-09-12 00:35:41','2021-05-20 11:47:59',6977296590),(316,1,'dd2.jpg','2011-12-17 05:57:53','2021-05-19 14:01:37',7349111850),(317,1,'dir.jpg','2010-08-09 13:40:25','2021-05-20 11:47:43',6779856390),(318,1,'dotx.jpg','1993-11-17 20:04:24','2021-05-20 11:47:59',5014371564),(319,1,'odb.jpg','2010-03-15 04:33:44','2021-05-19 14:01:37',8347156872),(320,1,'html.jpg','1970-06-27 10:24:14','2021-05-20 11:47:43',2586093584),(321,1,'qt.jpg','1988-09-07 17:56:49','2021-05-20 11:47:59',5419194005),(322,1,'wmf.jpg','1985-05-07 09:27:37','2021-05-19 14:01:37',8937483422),(323,1,'rdf.jpg','1996-05-28 08:45:14','2021-05-20 11:47:43',3886870845),(324,1,'sxi.jpg','2019-12-26 05:07:23','2021-05-20 11:47:59',1794161398),(325,1,'gtar.jpg','2004-07-04 02:28:49','2021-05-19 14:01:37',5465267098),(326,1,'tsv.jpg','2010-09-04 23:18:30','2021-05-20 11:47:43',6391482355),(327,1,'pptx.jpg','1972-01-20 08:41:56','2021-05-20 11:47:59',2635022770),(328,1,'xul.jpg','1979-02-06 02:55:35','2021-05-19 14:01:37',8297286130),(329,1,'m13.jpg','1972-03-12 09:47:02','2021-05-20 11:47:43',2495447861),(330,1,'wqd.jpg','1997-01-25 10:15:11','2021-05-20 11:47:59',7185683493),(331,1,'install.jpg','1977-02-11 09:49:34','2021-05-19 14:01:37',2594409607),(332,1,'for.jpg','2015-09-04 08:57:15','2021-05-20 11:47:43',3697748648),(333,1,'scurl.jpg','1980-02-23 13:23:41','2021-05-20 11:47:59',3694283469),(334,1,'kon.jpg','2001-12-27 08:47:09','2021-05-19 14:01:37',4763229195),(335,1,'wmls.jpg','2003-03-05 10:35:43','2021-05-20 11:47:43',4996039998),(336,1,'me.jpg','1972-04-24 09:50:45','2021-05-20 11:47:59',8524043917),(337,1,'xfdl.jpg','1973-04-26 07:22:10','2021-05-19 14:01:37',3662638148),(338,1,'bz.jpg','2019-11-03 12:23:44','2021-05-20 11:47:43',2601913059),(339,1,'ppsx.jpg','2017-02-28 05:41:17','2021-05-20 11:47:59',6141355388),(340,1,'flx.jpg','2001-11-15 20:38:00','2021-05-19 14:01:37',4440179660),(341,1,'jad.jpg','1990-02-12 06:40:39','2021-05-20 11:47:43',2418411635),(342,1,'ott.jpg','1980-07-10 18:15:52','2021-05-20 11:47:59',3060978503),(343,1,'avi.jpg','1977-04-21 23:57:56','2021-05-19 14:01:37',1119680536),(344,1,'gph.jpg','2007-01-31 12:49:07','2021-05-20 11:47:43',116314022),(345,1,'appcache.jpg','2009-02-21 01:47:44','2021-05-20 11:47:59',9435278574),(346,1,'oxt.jpg','2008-10-23 03:52:12','2021-05-19 14:01:37',1726892985),(347,1,'log.jpg','2015-02-26 09:54:00','2021-05-20 11:47:43',10201921491),(348,1,'movie.jpg','2007-06-15 09:38:13','2021-05-20 11:47:59',248437522),(349,1,'xdm.jpg','2008-11-23 06:47:37','2021-05-19 14:01:37',828485847),(350,1,'ivp.jpg','1977-10-09 12:42:14','2021-05-20 11:47:43',6424322684),(351,3,'xo.mp4','1996-10-07 20:25:04','2021-05-19 14:01:37',8909261373),(352,1,'t3.jpg','1981-06-11 05:37:10','2021-05-19 14:01:37',10201062857),(353,2,'jpg.jpg','1985-06-12 01:43:23','2021-05-19 14:01:37',2703374416),(354,3,'jpeg.mp4','1986-05-06 09:46:36','2021-05-19 14:01:37',5025832083),(355,1,'uvvp.jpg','2017-02-01 13:20:46','2021-05-19 14:01:37',2315447680),(356,2,'fh7.jpg','1998-10-30 07:58:54','2021-05-19 14:01:37',10442013102),(357,3,'thmx.mp4','1974-07-14 08:27:21','2021-05-19 14:01:37',7396057951),(358,1,'man.jpg','1975-12-22 11:34:10','2021-05-19 14:01:37',8885091480),(359,2,'igs.jpg','2005-09-12 11:49:02','2021-05-19 14:01:37',5096765730),(360,3,'ktx.mp4','2000-06-29 05:26:27','2021-05-19 14:01:37',10286800724),(361,1,'fpx.jpg','1999-05-29 19:04:56','2021-05-19 14:01:37',3164176747),(362,2,'sm.jpg','2010-08-01 18:57:28','2021-05-19 14:01:37',9226094359),(363,3,'tif.mp4','1999-07-18 17:28:28','2021-05-19 14:01:37',6548576809),(364,1,'json.jpg','1974-03-15 19:41:51','2021-05-19 14:01:37',8813551937),(365,2,'kfo.jpg','1986-09-27 12:34:09','2021-05-19 14:01:37',6345215952),(366,3,'xlsm.mp4','1971-04-19 15:13:56','2021-05-19 14:01:37',158365972),(367,1,'deploy.jpg','2015-01-08 20:56:08','2021-05-19 14:01:37',5517536670),(368,2,'mov.jpg','2014-09-28 13:47:54','2021-05-19 14:01:37',3421911972),(369,3,'epub.mp4','1971-03-14 21:16:14','2021-05-19 14:01:37',6757434930),(370,1,'gv.jpg','2001-02-10 04:54:44','2021-05-19 14:01:37',7152358322),(371,2,'iif.jpg','1998-06-03 19:13:18','2021-05-19 14:01:37',9992299247),(372,3,'m3u.mp4','2021-03-05 17:57:52','2021-05-19 14:01:37',5077365515),(373,1,'mp4s.jpg','2005-09-18 13:21:06','2021-05-19 14:01:37',5890221603),(374,2,'cgm.jpg','1985-11-18 06:08:25','2021-05-19 14:01:37',3139464861),(375,3,'mks.mp4','2020-02-28 23:59:17','2021-05-19 14:01:37',2335862821),(376,1,'sitx.jpg','2007-07-17 19:53:46','2021-05-19 14:01:37',6947523015),(377,2,'sc.jpg','2020-02-18 19:58:13','2021-05-19 14:01:37',548257895),(378,3,'mk3d.mp4','2005-04-16 09:40:31','2021-05-19 14:01:37',10228653991),(379,1,'kpr.jpg','2021-01-19 23:56:00','2021-05-19 14:01:37',8463640493),(380,2,'dwf.jpg','1998-03-26 06:10:44','2021-05-19 14:01:37',346249213),(381,3,'asf.mp4','2006-10-20 06:14:23','2021-05-19 14:01:37',5851940614),(382,1,'mp4a.jpg','1977-07-28 06:33:26','2021-05-19 14:01:37',8677604725),(383,2,'weba.jpg','1992-08-15 18:16:37','2021-05-19 14:01:37',7272649011),(384,3,'wm.mp4','1979-04-11 06:43:35','2021-05-19 14:01:37',9428818672),(385,1,'t.jpg','1998-02-20 11:38:55','2021-05-19 14:01:37',7582233893),(386,2,'class.jpg','1980-01-31 09:08:53','2021-05-19 14:01:37',10070914478),(387,3,'iges.mp4','1995-02-04 21:41:23','2021-05-19 14:01:37',6748518390),(388,1,'tga.jpg','1973-08-06 17:49:59','2021-05-19 14:01:37',3841899944),(389,2,'sh.jpg','2016-07-08 01:43:17','2021-05-19 14:01:37',7500901247),(390,3,'3g2.mp4','1975-11-16 20:43:56','2021-05-19 14:01:37',6649637925),(391,1,'itp.jpg','2020-04-10 05:23:00','2021-05-19 14:01:37',1327932290),(392,2,'mxl.jpg','2013-04-13 08:08:38','2021-05-19 14:01:37',1940194094),(393,3,'org.mp4','2001-01-23 08:48:58','2021-05-19 14:01:37',2239760264),(394,1,'ppsm.jpg','2016-05-21 23:48:05','2021-05-19 14:01:37',4346430615),(395,2,'ttc.jpg','1990-04-19 16:16:42','2021-05-19 14:01:37',9332234448),(396,3,'semf.mp4','2008-07-21 04:12:02','2021-05-19 14:01:37',2899878576),(397,1,'pgn.jpg','2010-08-03 08:55:56','2021-05-19 14:01:37',4545327866),(398,2,'xltx.jpg','2009-04-20 22:05:24','2021-05-19 14:01:37',8641886308),(399,3,'mmf.mp4','2019-04-26 17:53:07','2021-05-19 14:01:37',890202724),(400,1,'rtx.jpg','2001-06-19 02:26:54','2021-05-19 14:01:37',5666630296),(401,2,'wrl.jpg','1986-04-02 08:09:40','2021-05-19 14:01:37',1820311891),(402,3,'odf.mp4','1971-02-05 02:04:43','2021-05-19 14:01:37',9064542483),(403,1,'otp.jpg','1973-08-25 10:39:04','2021-05-19 14:01:37',4632532172),(404,2,'djv.jpg','1999-08-15 06:40:47','2021-05-19 14:01:37',4955816411),(405,3,'mobi.mp4','1977-05-11 05:13:39','2021-05-19 14:01:37',4314658241),(406,1,'rmp.jpg','2016-12-09 21:11:28','2021-05-19 14:01:37',9591695350),(407,2,'fli.jpg','1986-02-06 11:36:07','2021-05-19 14:01:37',5982194628),(408,3,'vcs.mp4','1978-11-30 16:07:18','2021-05-19 14:01:37',9653684379),(409,1,'odm.jpg','1970-04-05 07:07:56','2021-05-19 14:01:37',6212536849),(410,2,'m4v.jpg','1998-12-28 06:37:58','2021-05-19 14:01:37',4023403504),(411,3,'sxm.mp4','2003-02-21 00:49:02','2021-05-19 14:01:37',6466230946),(412,1,'xbm.jpg','2015-06-02 11:04:56','2021-05-19 14:01:37',8340345217),(413,2,'wdb.jpg','2018-09-22 13:29:35','2021-05-19 14:01:37',222418693),(414,3,'lnk.mp4','1982-07-13 23:11:56','2021-05-19 14:01:37',3492543424),(415,1,'ram.jpg','1996-07-02 17:15:05','2021-05-19 14:01:37',11995752),(416,2,'xls.jpg','1970-10-31 14:23:43','2021-05-19 14:01:37',6870266209),(417,3,'yang.mp4','1970-11-18 13:13:03','2021-05-19 14:01:37',7856305614),(418,1,'vrml.jpg','2009-07-28 12:28:33','2021-05-19 14:01:37',6401286858),(419,2,'rdz.jpg','2007-05-22 11:59:34','2021-05-19 14:01:37',4999105857),(420,3,'wmv.mp4','1987-09-04 15:52:28','2021-05-19 14:01:37',10071727185),(421,1,'xif.jpg','1973-11-03 05:06:03','2021-05-19 14:01:37',5472342110),(422,2,'tex.jpg','2007-05-30 09:14:11','2021-05-19 14:01:37',6620742598),(423,3,'in.mp4','1976-08-28 23:46:11','2021-05-19 14:01:37',4844138222),(424,1,'caf.jpg','2008-04-07 08:16:58','2021-05-19 14:01:37',4221875125),(425,2,'xhtml.jpg','1970-11-11 16:23:38','2021-05-19 14:01:37',2496215515),(426,3,'kpxx.mp4','1980-09-22 10:37:44','2021-05-19 14:01:37',8646394633),(427,1,'svc.jpg','2008-08-29 18:14:25','2021-05-19 14:01:37',317976406),(428,2,'utz.jpg','1975-04-20 17:45:48','2021-05-19 14:01:37',4488854794),(429,3,'jpe.mp4','1989-03-24 01:34:24','2021-05-19 14:01:37',2942748011),(430,1,'p.jpg','2013-04-26 19:24:00','2021-05-19 14:01:37',767486396),(431,2,'lostxml.jpg','1989-04-03 13:23:15','2021-05-19 14:01:37',6959644907),(432,3,'esf.mp4','2001-10-20 23:23:41','2021-05-19 14:01:37',1597745259),(433,1,'mpe.jpg','1994-04-07 12:32:40','2021-05-19 14:01:37',8237528755),(434,2,'tpt.jpg','2004-08-24 00:50:10','2021-05-19 14:01:37',7879151375),(435,3,'mj2.mp4','2006-07-26 08:01:36','2021-05-19 14:01:37',5904838871),(436,1,'blb.jpg','2016-12-03 05:09:18','2021-05-19 14:01:37',3779849798),(437,2,'lzh.jpg','2006-03-15 18:16:22','2021-05-19 14:01:37',9529735705),(438,3,'twd.mp4','2017-12-06 10:23:07','2021-05-19 14:01:37',2471439641),(439,1,'uvz.jpg','1991-06-06 20:27:36','2021-05-19 14:01:37',5331180262),(440,2,'texi.jpg','1975-06-20 16:32:06','2021-05-19 14:01:37',4843963150),(441,3,'hlp.mp4','1993-12-02 07:47:32','2021-05-19 14:01:37',5338833812),(442,1,'sldx.jpg','2010-07-09 05:46:32','2021-05-19 14:01:37',9846667562),(443,2,'silo.jpg','1972-02-29 00:32:54','2021-05-19 14:01:37',10331603132),(444,3,'mseq.mp4','1978-07-12 18:17:04','2021-05-19 14:01:37',10330492115),(445,1,'java.jpg','2013-11-11 21:30:23','2021-05-19 14:01:37',444525586),(446,2,'asx.jpg','1991-08-25 19:09:14','2021-05-19 14:01:37',900036400),(447,3,'mpt.mp4','2011-10-19 10:30:42','2021-05-19 14:01:37',7937516686),(448,1,'pcx.jpg','1981-08-06 17:58:32','2021-05-19 14:01:37',4721040132),(449,2,'prc.jpg','2009-08-04 05:08:24','2021-05-19 14:01:37',5428911641),(450,3,'xspf.mp4','1992-12-24 01:19:40','2021-05-19 14:01:37',9764159216),(451,1,'ait.jpg','1996-08-22 12:28:29','2021-05-19 14:01:37',4590867964),(452,2,'mag.jpg','2001-11-13 09:25:10','2021-05-19 14:01:37',6437846119),(453,3,'m2a.mp4','1988-04-29 20:07:04','2021-05-19 14:01:37',2894917347),(454,1,'umj.jpg','2007-05-03 01:44:51','2021-05-19 14:01:37',10714206452),(455,2,'kwd.jpg','2020-05-25 14:30:12','2021-05-19 14:01:37',6158915965),(456,3,'pptm.mp4','1992-08-26 22:55:30','2021-05-19 14:01:37',4826455355),(457,1,'pas.jpg','2014-08-08 13:24:33','2021-05-19 14:01:37',3563656033),(458,2,'kne.jpg','1993-12-24 20:10:14','2021-05-19 14:01:37',8093757926),(459,3,'der.mp4','1995-05-23 01:04:12','2021-05-19 14:01:37',1891872498),(460,1,'qxl.jpg','2004-10-24 23:59:52','2021-05-19 14:01:37',83347204),(461,2,'uvva.jpg','1987-03-04 16:10:29','2021-05-19 14:01:37',5405433806),(462,3,'dwg.mp4','2001-12-06 13:15:51','2021-05-19 14:01:37',9017320400),(463,1,'uvvm.jpg','1990-01-07 08:13:42','2021-05-19 14:01:37',7904941805),(464,2,'mng.jpg','1978-07-04 23:27:59','2021-05-19 14:01:37',6738798948),(465,3,'odi.mp4','2018-12-19 01:24:11','2021-05-19 14:01:37',4694659045),(466,1,'vss.jpg','1981-04-25 04:57:58','2021-05-19 14:01:37',10625966890),(467,2,'xml.jpg','2020-09-22 00:04:37','2021-05-19 14:01:37',5783114636),(468,3,'uri.mp4','2009-12-24 05:03:28','2021-05-19 14:01:37',8641601741),(469,1,'conf.jpg','1975-12-22 01:13:18','2021-05-19 14:01:37',3882334726),(470,2,'pfm.jpg','2002-08-23 05:50:39','2021-05-19 14:01:37',9684952663),(471,3,'tmo.mp4','2013-01-30 09:20:12','2021-05-19 14:01:37',6923245123),(472,1,'ifm.jpg','1983-01-16 18:50:53','2021-05-19 14:01:37',7272652836),(473,2,'mie.jpg','1999-10-13 00:23:07','2021-05-19 14:01:37',6860453237),(474,3,'srt.mp4','2015-02-27 17:05:03','2021-05-19 14:01:37',2904495455),(475,1,'qxt.jpg','1983-12-16 02:54:35','2021-05-19 14:01:37',8955913653),(476,2,'fgd.jpg','1980-07-12 00:31:06','2021-05-19 14:01:37',2266990180),(477,3,'midi.mp4','2003-01-09 23:19:03','2021-05-19 14:01:37',5472645351),(478,1,'qxd.jpg','1984-06-15 20:51:11','2021-05-19 14:01:37',5071684346),(479,2,'arc.jpg','1985-12-25 04:50:57','2021-05-19 14:01:37',3183620315),(480,3,'kar.mp4','2001-09-10 18:29:17','2021-05-19 14:01:37',8038290331),(481,1,'xsl.jpg','2014-03-19 00:21:24','2021-05-19 14:01:37',2538097117),(482,2,'sig.jpg','1981-11-23 00:25:44','2021-05-19 14:01:37',7541451853),(483,3,'otc.mp4','2017-12-10 21:20:51','2021-05-19 14:01:37',9717162002),(484,1,'ics.jpg','1997-04-15 11:25:50','2021-05-19 14:01:37',1828029768),(485,2,'dmp.jpg','2000-07-07 23:14:58','2021-05-19 14:01:37',3083757482),(486,3,'rm.mp4','1997-03-14 22:45:30','2021-05-19 14:01:37',10612552425),(487,1,'mime.jpg','2021-01-31 14:38:24','2021-05-19 14:01:37',1870711507),(488,2,'kia.jpg','2018-04-03 19:03:41','2021-05-19 14:01:37',9215254501),(489,3,'xlf.mp4','1996-02-13 15:04:30','2021-05-19 14:01:37',8956133793),(490,1,'cmx.jpg','1972-04-04 19:16:24','2021-05-19 14:01:37',1688154708),(491,2,'fdf.jpg','1982-02-20 01:06:41','2021-05-19 14:01:37',5797189380),(492,3,'tfm.mp4','1975-01-09 11:51:30','2021-05-19 14:01:37',61767733),(493,1,'torrent.jpg','2004-05-16 11:21:23','2021-05-19 14:01:37',2162540506),(494,2,'tiff.jpg','2014-06-20 10:13:28','2021-05-19 14:01:37',2683598764),(495,3,'ppt.mp4','2005-05-18 16:42:08','2021-05-19 14:01:37',5393827049),(496,1,'dcr.jpg','1988-08-10 10:22:00','2021-05-19 14:01:37',8138792023),(497,2,'uvv.jpg','2016-06-20 22:09:24','2021-05-19 14:01:37',9492747424),(498,3,'kpt.mp4','1976-04-04 02:07:39','2021-05-19 14:01:37',7563094736),(499,1,'xlw.jpg','2009-03-11 22:00:50','2021-05-19 14:01:37',1718381376),(500,2,'pre.jpg','2014-03-20 22:28:06','2021-05-19 14:01:37',3179818851);


# 3. Пользователи
DROP TABLE IF EXISTS users;
CREATE TABLE users(
	id BIGINT UNSIGNED NOT NULL AUTO_INCREMENT PRIMARY KEY,
	firstname VARCHAR(50) NOT NULL,  -- Имя
	lastname VARCHAR(50),  -- Фамилия
	email VARCHAR(120) UNIQUE,  -- Электронная почта
	password_hash VARCHAR(50),  -- Хэш пароля
	phone BIGINT UNSIGNED UNIQUE,  -- Номер телефона
	gender CHAR(1),  -- Пол
	birthday DATE,  -- Дата рождения
	photo_file_id BIGINT UNSIGNED UNIQUE,  -- Имя файла фото
	created_at DATETIME DEFAULT NOW(),  -- Дата и время создания
	country VARCHAR(50),  -- Страна
	city VARCHAR(50),  -- Город
	FOREIGN KEY (photo_file_id) REFERENCES files(id)
);

INSERT INTO `users` VALUES (1,'Lavina','Hilpert','jrunolfsson@example.com','b5614a528db6323bb40f7df714a2bb0e9aac669b',89826243739,'F','1971-06-17',301,'2016-12-29 23:49:42','Cameroon','Prohaskaport'),(2,'Wendy','Weimann','moberbrunner@example.net','4093a8edce425811b6374d2e593ec6da83ba2048',89345601667,'F','2000-08-21',302,'2009-07-10 15:06:04','Serbia','West Jake'),(3,'Otto','Leannon','edmond.harvey@example.com','5b65bca441b9e61850f7387745125ff59b90f320',89240050701,'F','1989-08-25',303,'2015-06-24 19:27:40','Marshall Islands','Binsmouth'),(4,'Pierre','Little','ilesch@example.com','3850f3ec9f09784637094855207cdbb72f976689',89865359721,'M','2008-03-22',304,'1970-02-25 18:07:42','Poland','Rustyport'),(5,'Jaclyn','Cartwright','kpredovic@example.com','e243063841cb5641428e228cd68fba45eccea4e8',89639669001,'M','2021-01-08',305,'1985-10-20 14:21:06','Saint Pierre and Miquelon','South Annette'),(6,'Lysanne','Volkman','jacobi.rene@example.org','35c7e45237198c73ffb192286593d374033c111b',89615338855,'M','1977-06-12',306,'1984-09-13 02:48:48','Nicaragua','Huelview'),(7,'Katarina','Kohler','myra89@example.org','9a168ba17b502aa091c2dacabf0e10f3c2d88b37',89654340994,'F','2015-07-11',307,'2004-08-23 21:46:52','Estonia','Lake Fosterstad'),(8,'Frida','Carter','jerald76@example.com','40df75dc297b862872833efd3d1c08b024011c9b',89316172370,'F','1991-12-15',308,'1995-02-02 04:46:08','United Kingdom','Kayliburgh'),(9,'Angel','Hoppe','mswaniawski@example.net','93f10b8c422fb3451f8c22b03386300f6bc41565',89648912315,'F','1974-12-31',309,'1976-05-22 06:11:54','Monaco','Lake Ismaelport'),(10,'Chelsie','Klein','celestine.bernier@example.com','38bedac62f715758883100022efa969c3f9a32b8',89632202689,'M','2009-06-12',310,'1983-08-08 17:10:36','Belize','New Wendy'),(11,'Dejah','Schmitt','znicolas@example.net','79619af5290d26d6f742591afce57a3bda699e21',89311658081,'M','2008-07-22',311,'2005-12-23 22:43:09','Grenada','Windlerville'),(12,'Kristofer','Metz','berge.eduardo@example.net','68762db4106e1cadd011e9bde8fc1620a9594c10',89920655497,'F','1976-10-27',312,'2010-07-21 14:29:03','Saint Kitts and Nevis','Lake Rupertchester'),(13,'Lukas','Heidenreich','wilford27@example.org','ac3da74074586367c1b88bcf56267f9630806cf9',89601034673,'M','1973-12-26',313,'1980-11-13 00:26:13','Saint Barthelemy','East Joanny'),(14,'Bill','Zboncak','kelvin38@example.com','403712ca224e934864f43e69a8a3f84c9067d3f1',89545143213,'F','1998-10-21',314,'2018-04-29 18:31:10','Netherlands','South Lizzie'),(15,'Lorine','Schowalter','heath74@example.net','af8427ae22955688af123be65c76c0a3d7a1c884',89786266549,'F','1997-08-05',315,'2010-10-14 02:09:09','Antarctica (the territory South of 60 deg S)','Port Jessyfort'),(16,'Lenny','Hoppe','gusikowski.abbie@example.org','0c8895172ca6432010f204f334f195d1c31f3c55',89056359970,'M','2015-11-01',316,'1993-02-07 08:14:37','Bosnia and Herzegovina','Gaetanoville'),(17,'Theresa','Rowe','xkulas@example.org','3bf19205b6890998b1b97d080d0142d6476a045a',89458896490,'F','1988-05-09',317,'1991-07-18 09:40:07','Christmas Island','New Adell'),(18,'Toni','Cronin','myrl.shields@example.com','e66ca0fb32c6ac1e25be11907df4c4b78a8ee2f8',89466288940,'F','1987-08-25',318,'1979-08-20 22:28:58','Seychelles','Fadelville'),(19,'Enid','Sauer','mossie.gerhold@example.org','61872e61137e9626e7d391f0ab61e71524b264ac',89064702296,'M','1993-01-03',319,'1970-03-25 01:29:23','Malawi','Kieranshire'),(20,'Cristobal','O\'Connell','breana86@example.net','ad1c064d7916645311dc72cd4810ff93676d7a0e',89636893633,'F','2013-10-01',320,'1980-07-11 21:15:38','Cote d\'Ivoire','Lake Kellen'),(21,'Sage','Champlin','xcassin@example.net','46479beab46dadada38826669129ed1c7cd4e185',89713691064,'M','1985-01-22',321,'2010-05-05 02:19:59','Somalia','Lake Marisolfurt'),(22,'Porter','Keebler','don47@example.org','c7db466fb3635866aaf03a53e00dca358f5dbcad',89943250059,'M','1979-05-01',322,'1999-11-01 03:52:45','France','Cruzfort'),(23,'Autumn','Heathcote','wrosenbaum@example.net','09e1c879dca96347556b72d227dcb5873a649196',89828721379,'F','2017-03-31',323,'1999-08-02 07:14:42','Sudan','Lake Darrick'),(24,'Modesta','Cassin','jaskolski.alexis@example.org','40699055756362bdecb00753e05c994c2cecb346',89782700464,'F','1985-08-10',324,'2017-03-11 18:49:49','Saint Helena','Bergstromview'),(25,'Emerald','Halvorson','rstoltenberg@example.org','5e37e12c89152f6c0190a6a1bd528da2f0691677',89184760027,'M','1980-02-02',325,'2020-06-28 22:38:18','Antigua and Barbuda','Port Dawsonton'),(26,'Geraldine','Frami','mkessler@example.org','f58b7de945497d2a491dfa24933c579abff8ab24',89277648089,'M','2015-10-27',326,'1979-03-03 23:21:56','Palestinian Territory','West Osvaldo'),(27,'Ike','Abshire','bking@example.org','6e2d374538bd740e6c05948d3adcb667677e0118',89683728771,'F','2000-04-29',327,'2016-11-04 20:49:34','Netherlands Antilles','West Gwenview'),(28,'Kyleigh','Ebert','jevon.kuhlman@example.net','1d7f0a2ec7eaffe8c90b4611e5520b47b14da703',89375753457,'F','1980-06-25',328,'2016-12-15 00:31:24','Tajikistan','Lake Waldo'),(29,'Ebony','Wolff','o\'conner.norene@example.net','b4664b8a6c0beda6dba76b29c39e8e25248eb302',89766773680,'M','1972-05-06',329,'1970-09-02 11:34:16','Cape Verde','Considinetown'),(30,'Ross','Thiel','nbotsford@example.net','4cbee00c4c75f7d66549fa0c8b8bebeddb5ca888',89236715578,'M','1981-08-28',330,'2011-05-02 16:57:19','New Caledonia','McKenzieland'),(31,'Maegan','Kris','tamara45@example.com','dba977331f76be6cde190fb4e82a50473535cb5f',89730070456,'M','2017-11-03',331,'1985-01-12 10:17:55','Chile','Hacketttown'),(32,'Johnnie','Ledner','ayana.auer@example.com','9810a09b6856f7c4ebffca5c3b35becb10d932fe',89839683337,'F','1989-05-20',332,'2009-09-03 08:06:40','Martinique','North Kennediview'),(33,'Emelia','Kunze','alexandre79@example.org','5528ea12360927c02fb520732023011e2d97589c',89534431294,'M','2013-01-22',333,'2013-09-13 07:22:49','Svalbard & Jan Mayen Islands','Britneybury'),(34,'Charlie','Hackett','etha.roob@example.com','c337c62630652b2a3c1036962e5db38ca50b95a3',89202110788,'F','1987-07-06',334,'1983-02-02 23:02:02','Australia','Emmittstad'),(35,'Seamus','Collier','mafalda80@example.com','2eb5068c68e40c07693f86d4554cf476c3f38916',89011254147,'F','2013-11-03',335,'2003-05-04 16:24:15','South Africa','Hilpertside'),(36,'Kitty','Halvorson','brandy.stracke@example.org','b60e52c3e7dcb8fe885af2c29f9d7e5cbc5f1a28',89319968125,'M','2009-11-06',336,'2013-09-29 18:48:19','India','Koeppstad'),(37,'Elwyn','Shanahan','alia64@example.org','1a3ebea0cb5d4b92730933948f50a227cfd833b5',89631741958,'M','2008-09-28',337,'2019-01-02 10:16:31','Kiribati','North Bridgette'),(38,'Brycen','Marvin','gspinka@example.net','d1b0cb35a6e039f30abc761de15fe4f4c29a550a',89922991591,'F','2013-09-08',338,'2010-12-03 07:13:18','Turkmenistan','New Victoria'),(39,'Frieda','Olson','candace.grant@example.com','0e4dc170197d2d0d937ae83ceaf01c44cbac0c16',89372100236,'M','2019-05-07',339,'1988-03-17 16:22:40','Canada','Evachester'),(40,'Janice','Schulist','alice81@example.net','c57cf438d1022b1b2732dbdbf23644d20c058787',89456077987,'F','1977-08-18',340,'1987-09-18 17:52:18','Korea','East Harmonyland'),(41,'Willow','Leuschke','izaiah.kling@example.com','d4b75e81f108d5675a26d9db78660e43fd421834',89509892568,'M','1991-03-09',341,'2013-03-21 03:47:09','Norfolk Island','North Laverna'),(42,'Frances','Toy','myrtice.dooley@example.com','3c2b29ee801611797593c83ff84a1262c3f97716',89830930556,'F','2015-11-28',342,'1994-09-09 23:06:39','Malawi','South Corbin'),(43,'Vernice','Kihn','phoeger@example.net','74903f4167f357a884d1d368c5ce8c6336259e5e',89487249180,'F','1981-08-07',343,'2017-01-29 05:23:11','Saint Lucia','Mossiebury'),(44,'Melyna','Vandervort','hermann.wilfredo@example.com','63e2e836f7fa83b20389c94c5ea263a72ddaa643',89300696311,'F','1990-11-12',344,'1995-02-24 04:15:41','Western Sahara','East Adriennefort'),(45,'Dawson','Christiansen','rlehner@example.com','b0bb5db886784764542654c8c6ea20a9d1c0a555',89864682819,'M','2006-03-01',345,'2019-10-08 05:54:31','Guatemala','Maceymouth'),(46,'Ozella','Klein','clemmie74@example.net','15799198fb85b5a9be87276ff05345174501a322',89881861140,'M','1991-03-07',346,'2010-03-10 12:11:01','Korea','Kutchmouth'),(47,'Frederick','Connelly','mitchell.alanis@example.com','6881db85aef37efc0fe1f13f4b81e3ae7b7b682b',89106971051,'F','2001-07-25',347,'2001-07-16 15:17:38','Lesotho','Chaddberg'),(48,'Carmella','Hilpert','gerhold.bell@example.org','f4a36f1bf3f895c7fd987487c304369c4331aa03',89308379646,'M','2002-02-11',348,'1984-10-07 10:05:35','Palau','West Jadynport'),(49,'Tomasa','Veum','barrows.john@example.net','4cd13bc84f1742ca9e6c1bad3d26be295cba2fc5',89019541528,'M','2005-11-24',349,'2009-11-30 16:51:44','Norway','West Tatyanaside'),(50,'Pearline','Hodkiewicz','lucius.toy@example.org','15571c8ab4eb2b38e818b50cae72432b768645a1',89270131031,'F','1998-10-17',350,'2005-01-08 17:05:43','Norfolk Island','Port Marcella');


# 4. Друзья
DROP TABLE IF EXISTS friend_requests;
CREATE TABLE friend_requests(
	initiator_user_id BIGINT UNSIGNED NOT NULL,  -- id инициатора запроса в друзья
	target_user_id BIGINT UNSIGNED NOT NULL,  -- id пользователя кому направили запрос в друзья
	status ENUM('requested', 'approved', 'declined', 'unfriended'),  -- Статус заявки в друзья
	requested_at DATETIME DEFAULT NOW(),  -- Дата и время создании заявки в друзья
	updated_at DATETIME ON UPDATE NOW(),  -- Дата и время обновления заявки в друзья
	PRIMARY KEY (initiator_user_id, target_user_id),
    FOREIGN KEY (initiator_user_id) REFERENCES users(id),
    FOREIGN KEY (target_user_id) REFERENCES users(id)
	
);

INSERT INTO `friend_requests` VALUES (1,50,'approved','1985-12-25 17:40:12','1988-12-10 15:51:47'),(2,23,'approved','2009-10-31 18:45:04','1981-05-13 03:37:45'),(2,42,'declined','1993-07-08 20:07:03','1977-09-28 14:29:54'),(3,28,'declined','1996-04-08 04:34:19','1990-06-14 14:40:28'),(3,29,'declined','1972-04-15 00:17:47','1984-12-30 14:54:13'),(4,37,'approved','1970-10-10 03:14:33','1990-02-09 15:12:06'),(4,39,'declined','1998-11-27 18:53:11','2013-05-15 18:42:00'),(5,42,'requested','1989-09-06 10:09:42','2016-12-28 19:19:43'),(6,7,'declined','1987-07-01 16:05:05','2001-08-07 06:46:47'),(7,4,'declined','1992-05-09 23:20:40','1976-05-05 15:53:12'),(7,29,'approved','1970-11-27 07:14:55','1971-06-09 16:23:40'),(7,41,'unfriended','1984-06-21 01:18:02','1991-05-21 10:43:06'),(8,5,'declined','2014-12-29 00:09:18','2008-06-21 11:21:38'),(8,13,'requested','2020-02-09 22:02:42','1990-11-30 15:10:00'),(8,47,'approved','1983-01-05 19:30:56','1979-12-25 06:40:41'),(9,22,'unfriended','2005-02-03 07:51:15','2020-04-25 10:46:07'),(9,46,'declined','1985-03-23 19:33:04','1980-08-21 01:52:59'),(10,20,'requested','1983-10-19 15:09:55','2007-07-28 09:24:43'),(10,34,'unfriended','1977-12-06 22:56:54','1975-03-29 17:48:38'),(10,37,'approved','1988-07-07 10:56:01','2018-09-01 07:38:45'),(10,48,'requested','1990-11-23 19:28:30','1999-11-14 13:42:50'),(11,1,'approved','2005-03-05 10:12:45','1977-12-29 08:37:37'),(11,22,'declined','2018-06-17 21:26:41','1978-05-03 04:40:42'),(11,27,'requested','1983-08-12 11:11:43','1984-01-04 10:14:53'),(11,47,'requested','2014-03-27 12:14:59','2014-02-12 18:30:03'),(13,7,'requested','2002-10-01 04:05:56','1976-02-18 00:56:04'),(13,14,'approved','1974-11-07 19:48:39','2000-03-21 01:21:33'),(13,23,'unfriended','1992-02-08 12:25:27','1970-02-28 11:17:29'),(14,15,'requested','1976-01-14 14:24:49','1977-08-02 15:36:42'),(14,35,'approved','1984-12-10 08:25:59','2001-07-22 15:03:56'),(15,17,'unfriended','2020-12-25 01:48:45','1970-10-12 22:54:58'),(16,7,'approved','1980-03-05 16:24:05','2005-12-26 06:40:52'),(17,18,'requested','2007-02-20 17:21:16','2010-11-03 18:34:27'),(17,29,'declined','1985-04-25 03:39:36','2008-03-26 17:22:09'),(17,31,'requested','2016-04-01 07:22:57','2005-09-13 18:46:25'),(19,15,'approved','2008-01-17 11:14:17','1990-11-13 08:48:10'),(19,18,'unfriended','1972-05-22 20:14:55','1983-06-04 23:33:11'),(20,21,'approved','2001-04-11 13:48:24','2019-11-08 07:10:16'),(20,44,'requested','1990-05-10 04:12:53','2001-12-10 13:00:32'),(21,10,'approved','2018-10-17 21:39:34','2010-06-04 13:08:18'),(21,40,'requested','2000-02-07 00:52:05','2013-03-26 14:37:31'),(22,2,'requested','2020-01-22 08:04:44','2020-06-06 14:47:44'),(22,28,'requested','1981-01-10 08:59:59','1987-04-28 05:28:53'),(22,32,'unfriended','2014-03-09 04:52:34','2020-05-27 08:31:57'),(22,34,'unfriended','1971-11-01 09:25:36','2005-02-07 16:59:32'),(22,36,'unfriended','1970-05-31 16:19:25','2020-11-25 00:41:07'),(22,43,'declined','2003-06-18 01:51:59','1976-08-16 11:29:07'),(23,30,'unfriended','2003-08-06 09:48:59','2014-08-07 19:07:12'),(25,7,'requested','2001-03-16 13:56:30','1993-11-25 23:56:20'),(25,9,'approved','2013-08-27 16:31:13','1991-04-26 18:13:35'),(25,22,'declined','1985-07-09 09:54:03','1972-09-10 10:30:57'),(25,33,'requested','2002-07-24 19:03:15','1980-05-21 11:05:41'),(26,19,'unfriended','1979-12-10 01:11:42','2014-10-12 04:11:56'),(27,15,'declined','2003-10-09 16:40:44','1982-01-19 17:20:16'),(27,44,'declined','1990-08-17 16:01:37','1983-03-17 14:28:03'),(28,13,'requested','2008-08-07 12:49:15','2008-12-06 15:47:59'),(28,34,'approved','1994-03-27 04:53:59','1984-03-27 13:07:47'),(28,35,'declined','1992-04-08 05:18:48','1971-04-08 04:13:03'),(29,16,'approved','2013-03-10 08:40:08','2004-02-29 04:39:18'),(29,32,'approved','1970-10-03 12:01:39','1985-12-27 03:18:34'),(29,47,'unfriended','2004-08-13 19:43:29','2011-03-01 03:01:39'),(31,19,'approved','1984-11-22 08:36:40','2010-02-02 15:54:33'),(31,27,'declined','1983-01-11 20:13:17','2017-01-14 08:41:03'),(31,38,'unfriended','1978-03-14 14:50:41','1973-07-12 22:38:51'),(32,23,'requested','2019-10-31 22:29:49','1986-02-13 19:32:06'),(32,31,'unfriended','2004-11-09 21:12:20','1976-04-19 10:58:48'),(33,15,'requested','1984-11-10 07:51:21','2000-07-23 07:44:53'),(34,40,'declined','1972-09-29 21:09:43','1992-11-05 16:05:47'),(35,19,'requested','1972-04-04 22:17:13','2015-07-20 09:26:30'),(35,22,'requested','2003-03-07 13:03:44','2018-02-13 14:37:16'),(35,27,'requested','2001-04-30 20:33:08','1993-06-05 03:27:00'),(35,41,'declined','2003-10-14 02:57:35','1990-12-17 21:15:55'),(36,21,'requested','2012-09-07 11:46:48','2006-10-29 16:40:51'),(37,15,'declined','1976-01-15 17:34:24','2016-01-06 08:35:52'),(37,20,'requested','1984-10-18 22:08:26','1996-09-07 13:33:45'),(37,41,'unfriended','1996-04-24 13:02:00','1972-05-15 13:41:40'),(37,47,'unfriended','1993-04-18 12:43:32','2003-02-25 00:20:29'),(38,31,'declined','1996-07-04 10:59:34','2007-04-01 03:02:33'),(39,20,'approved','1993-07-24 14:47:30','2015-07-30 10:25:26'),(39,42,'unfriended','2010-12-11 02:41:10','1975-02-28 12:56:23'),(40,33,'declined','2005-02-14 10:38:40','2017-01-16 11:12:47'),(42,39,'approved','1975-10-30 00:10:58','1999-12-10 03:58:49'),(42,44,'declined','2004-06-11 23:26:59','2003-07-16 03:05:08'),(42,45,'approved','1986-02-17 10:01:12','1995-04-24 07:32:21'),(43,25,'requested','2019-04-17 00:26:42','1973-02-09 09:05:08'),(44,2,'requested','2012-02-09 17:43:05','1979-04-24 13:05:09'),(44,13,'requested','2009-05-27 10:33:53','1996-10-28 17:34:42'),(44,24,'requested','1977-09-08 20:15:57','1979-10-07 08:54:56'),(46,39,'approved','2014-08-06 14:00:57','2010-01-13 03:08:12'),(47,1,'approved','1999-01-10 06:33:13','1975-09-29 03:30:09'),(48,1,'unfriended','1980-07-09 06:14:55','1995-03-09 21:23:11'),(48,2,'unfriended','1975-05-19 22:53:09','2014-09-05 12:36:30'),(49,23,'requested','2018-01-13 16:02:48','1996-11-28 07:10:37'),(50,16,'requested','1988-10-18 23:36:51','1999-05-14 20:24:47'),(50,25,'requested','2008-07-31 11:02:15','1994-12-06 06:27:04');


# 5. Киноперсоны
DROP TABLE IF EXISTS movie_persons;
CREATE TABLE movie_persons(
	id BIGINT UNSIGNED NOT NULL AUTO_INCREMENT PRIMARY KEY,
	firstname VARCHAR(50) NOT NULL,  -- Имя
	lastname VARCHAR(50),  -- Фамилия
	height TINYINT UNSIGNED,  -- Рост
	birthday DATE,  -- День рождения
	city_birthday VARCHAR(50),  -- Город рождения
	type ENUM('director', 'actor')  -- Тип кино-личности, актер либо режиссер
);

INSERT INTO `movie_persons` VALUES (1,'Dulce','Jakubowski',175,'1994-08-12','Claudinehaven','actor'),(2,'Triston','Heidenreich',196,'2001-05-19','Elissaview','director'),(3,'Cali','Kuhn',185,'2001-05-19','Princessbury','actor'),(4,'Erna','Glover',164,'2001-05-19','East Raymundoland','actor'),(5,'Hans','Cole',210,'2001-05-19','Cletamouth','actor'),(6,'Harry','Auer',197,'1983-11-22','East Ignatius','actor'),(7,'Edwardo','Mueller',173,'2001-05-19','East Marlon','actor'),(8,'Abbie','Feil',192,'1970-06-21','Faustinoside','director'),(9,'Maximillia','Blanda',175,'2001-05-19','South Roy','actor'),(10,'Neha','Bayer',176,'2001-06-05','Nikkiland','director'),(11,'Camilla','Homenick',166,'1981-11-15','Nikoberg','director'),(12,'Georgiana','Kiehn',196,'2001-05-19','South Crystel','actor'),(13,'Katrina','VonRueden',175,'1985-02-01','East Gust','director'),(14,'Marge','Mraz',202,'2002-01-11','West Mabel','director'),(15,'Madisen','Weissnat',169,'1992-06-25','Rowefurt','actor'),(16,'Retha','Hoeger',189,'1995-05-09','East Guy','actor'),(17,'Gerald','Gibson',181,'2001-05-19','Ratkeland','director'),(18,'Ruth','Trantow',167,'1996-08-15','East Dedricfurt','actor'),(19,'Destiney','Nolan',192,'1972-10-29','Baileyshire','actor'),(20,'Dahlia','Treutel',160,'1977-05-29','Townefort','actor'),(21,'Chasity','Powlowski',164,'1984-02-06','South Carolinebury','director'),(22,'Rhoda','Schiller',191,'1982-12-01','West Ozella','actor'),(23,'Tremayne','Von',200,'1982-06-03','New Cynthia','director'),(24,'Lenore','Berge',197,'2001-05-19','Savionstad','director'),(25,'Wilson','Kling',153,'1987-11-15','Elverabury','actor'),(26,'Emerson','Olson',170,'2001-05-19','Kulasview','actor'),(27,'Jenifer','Renner',152,'2001-05-19','East Angus','director'),(28,'Thea','Purdy',185,'2001-05-19','West Cloydborough','actor'),(29,'Deonte','Howe',150,'1983-08-21','Iantown','director'),(30,'Genevieve','Smith',186,'2001-05-19','Colleenville','actor'),(31,'Marques','Orn',189,'1999-04-30','Port Tressa','director'),(32,'Jack','Johns',204,'2001-08-16','East Randal','actor'),(33,'Arvid','Beahan',196,'1999-06-25','East Stephanyview','actor'),(34,'Breanna','Huels',157,'1992-06-30','Lemkeburgh','actor'),(35,'Adan','Windler',200,'1977-02-08','South Earneststad','director'),(36,'Jaclyn','Doyle',169,'1994-07-26','South Pansyberg','director'),(37,'General','Walker',201,'1970-06-30','Joanland','director'),(38,'Kirsten','O\'Conner',189,'1971-04-16','Corkeryfurt','actor'),(39,'Percy','Wuckert',189,'1993-07-24','Carlosfurt','actor'),(40,'Annabell','Schulist',208,'1992-06-14','Port Zackary','director'),(41,'Kelli','O\'Connell',181,'1987-04-04','Port Yazmin','director'),(42,'Arne','Ankunding',189,'1999-10-14','Odabury','director'),(43,'Arianna','Cremin',203,'2001-05-19','New King','director'),(44,'Geraldine','Simonis',165,'1978-08-03','South Elsashire','director'),(45,'Peyton','Erdman',204,'1996-02-04','South Adolf','director'),(46,'Hannah','Kutch',190,'1987-02-27','Majorshire','actor'),(47,'Desmond','Reilly',194,'1991-04-08','Chynaburgh','director'),(48,'Carlee','Bernier',187,'2001-05-19','Boscofurt','director'),(49,'Keon','Conn',173,'2001-05-19','East Nolaside','director'),(50,'Doyle','Schuster',203,'2001-05-19','Hirthehaven','director'),(51,'Ona','Tremblay',208,'1991-11-30','West Gage','actor'),(52,'Fritz','Hyatt',202,'1975-02-03','Croninfort','director'),(53,'Grayce','McClure',166,'1984-02-11','Hesselchester','director'),(54,'Antonina','Denesik',205,'1993-08-08','Whitetown','director'),(55,'Rae','Marvin',170,'1996-05-26','Port Sidton','director'),(56,'Lincoln','Johnson',183,'1994-07-04','Jakubowskiport','director'),(57,'Muhammad','Stiedemann',182,'1981-02-12','West Gerald','director'),(58,'Barbara','Torphy',198,'2001-05-19','Gislasonshire','director'),(59,'Kyle','Kunze',204,'2001-05-19','Luefort','director'),(60,'Laurie','Crist',196,'1979-08-19','Greenborough','actor'),(61,'Pinkie','Schoen',204,'2000-03-17','Gleasonberg','actor'),(62,'Fannie','Dare',179,'2001-05-19','Carrieland','director'),(63,'Otis','Stroman',175,'2001-05-19','Mitchellfurt','director'),(64,'Ashton','Hessel',176,'1978-11-30','New Jarrod','actor'),(65,'Jermain','Blanda',180,'1973-10-30','Leschburgh','actor'),(66,'Jamil','Dach',173,'1992-04-08','Davinhaven','director'),(67,'Hunter','Volkman',200,'1995-03-16','Abshirefurt','director'),(68,'Reese','Bernhard',202,'1978-08-30','Riverbury','director'),(69,'Veronica','Pollich',190,'1988-05-15','Runtefurt','director'),(70,'Bonita','Hand',175,'2001-05-19','New Sheilachester','director'),(71,'Nettie','Rath',189,'2001-05-19','Port Douglasshire','actor'),(72,'Modesta','Blick',150,'1986-06-30','Kamrynbury','actor'),(73,'Madge','Steuber',184,'2001-05-19','South Lesliechester','director'),(74,'Rosina','Wolff',190,'1972-02-15','West Darenshire','director'),(75,'Maya','Bahringer',206,'2001-05-19','Schummfurt','director'),(76,'Hayley','Rolfson',169,'1984-02-04','Port Jonas','actor'),(77,'Tania','Wilderman',209,'2001-05-19','Pamelatown','actor'),(78,'Nya','Terry',162,'1994-10-17','East Amari','actor'),(79,'Antonio','Walsh',150,'1995-04-17','North Elijah','director'),(80,'Emmy','Parisian',195,'1970-05-18','Lake Janessaville','actor'),(81,'Davion','Stanton',203,'2001-05-19','Daltonborough','actor'),(82,'Emory','Collier',165,'1991-07-17','North Queenchester','actor'),(83,'Dion','Sipes',197,'1970-03-31','Westshire','actor'),(84,'Ricardo','Runolfsson',191,'1986-03-21','East Dulce','director'),(85,'Bernice','Beahan',199,'2001-05-19','New Vella','actor'),(86,'Brisa','Ondricka',160,'2001-05-19','West Dulcetown','actor'),(87,'Rylee','Pfeffer',196,'1973-07-11','Zacherystad','director'),(88,'Earnestine','Hagenes',160,'2001-05-19','Lake Talia','actor'),(89,'Raphael','Stroman',178,'1983-02-24','Lake Sonya','actor'),(90,'Trinity','Ferry',170,'1971-08-14','Nickolastown','actor'),(91,'Federico','Goyette',195,'2001-05-19','East Leann','actor'),(92,'Mariam','Collier',156,'1997-06-18','East Rossstad','director'),(93,'Alden','Hammes',205,'2000-09-24','Americoland','actor'),(94,'Marcel','Rau',185,'1997-12-09','South Chaya','actor'),(95,'Columbus','Cole',203,'1981-12-31','Lake Roel','actor'),(96,'Emmet','Braun',151,'2000-04-29','Blaisestad','actor'),(97,'Christina','Ebert',153,'1989-06-19','Chesleyburgh','actor'),(98,'Rosario','Cassin',161,'1982-07-27','Darrickfort','actor'),(99,'Alberto','Carroll',171,'1971-03-09','Jeromyton','director'),(100,'Barney','Bradtke',206,'2001-05-19','East Lorenzotown','actor');


# 6. Типы жанров
DROP TABLE IF EXISTS genre_types;
CREATE TABLE genre_types(
	id BIGINT UNSIGNED NOT NULL AUTO_INCREMENT PRIMARY KEY,
	type VARCHAR(20) NOT NULL  -- Тип жанра
);

INSERT INTO `genre_types` VALUES (1,' Киноповесть'),(2,' Кино белых телефоно'),(3,' Нуар'),(4,' Якудза эйга'),(5,' Психологический три'),(6,' Фильм категории C'),(7,' Вестерн'),(8,' Фильм-катастрофа'),(9,' Фильм категории B'),(10,' Порнофильм'),(11,' Документальная аним'),(12,' Музыкальный фильм'),(13,' Псевдодокументальны'),(14,' Постапокалиптика'),(15,' Эксцентрическая ком'),(16,' Семейный фильм'),(17,' Боевик (киножанр)'),(18,' Эксплуатационное ки'),(19,' Исторический фильм'),(20,' Мамблкор'),(21,' Комедия по-итальянс'),(22,' Фильм о боевых иску'),(23,' Юридическая драма'),(24,' Пеплум (жанр)'),(25,' Гангстерский фильм'),(26,' Драма (жанр)'),(27,' Мелодрама'),(28,' Фильм-биография'),(29,' Фильм категории Z'),(30,' Киноальманах'),(31,' Детское кино'),(32,'Фильм-балет'),(33,' Триллер'),(34,' Чёрный юмор'),(35,' Производственный фи'),(36,' Кинофантастика'),(37,' Дзидайгэки'),(38,' Комедия о возобновл'),(39,' Истерн'),(40,' Независимый кинемат'),(41,' Пропагандистский фи'),(42,' Тямбара'),(43,' Приключенческий фил'),(44,' Комедия положений'),(45,' Военный фильм'),(46,' Юридический триллер'),(47,' Фарс'),(48,' Фильм-спектакль'),(49,' Научная фантастика '),(50,' Кинокомедия'),(51,' Закадровая съёмка'),(52,' Найденная плёнка'),(53,' Детективный фильм'),(54,' Комедийная драма'),(55,' Фильм-сказка'),(56,' Чистое кино');


# 7. Фильмы
DROP TABLE IF EXISTS films;
CREATE TABLE films(
	id BIGINT UNSIGNED NOT NULL AUTO_INCREMENT PRIMARY KEY,
	name VARCHAR(100),  -- Название фильма
	description TEXT,  -- Описание 
	year YEAR,  -- Год выхода 
	country VARCHAR(50) NOT NULL,  -- Страна производства
	box_office_world BIGINT,  -- Сборы в мире
	box_office_rus BIGINT,  -- Сборы в России
	premier_date_world DATE,  -- Дата премьеры в мире
	premier_date_rus DATE,  -- Дата премьеры в России
	age_limit TINYINT UNSIGNED NOT NULL,  -- Ограничение по возрасту
	duration SMALLINT UNSIGNED NOT NULL COMMENT 'Минуты',  -- Продолжительность в минутах
	film_file_id BIGINT UNSIGNED NOT NULL UNIQUE,  -- Ссылка на файл фильма
	cover_file_id BIGINT UNSIGNED NOT NULL UNIQUE,  -- Ссылка на файл обложки
	FOREIGN KEY (film_file_id) REFERENCES files(id),
	FOREIGN KEY (cover_file_id) REFERENCES files(id)
);

INSERT INTO `films` VALUES (1,' Пианист','Voluptatem facere et tempora repellendus quibusdam. Animi commodi aut alias dolorem quam. Laboriosam impedit in et ut.',1982,'Antigua and Barbuda',2950536830,1160208891,'2002-11-20','1996-05-28',20,1050,51,1),(2,' Семь самураев','Quo excepturi et vero nihil. Quia quidem dolorem quia et. Dignissimos ad exercitationem et voluptatem voluptatum. Modi dolores tempora vel veniam.',1990,'Australia',3736861840,7489603612,'1999-03-31','1973-05-13',20,172,52,2),(3,' Отступники','Consequuntur dolorum quia ut aut autem officia. Commodi voluptas eaque id eaque porro.',1989,'Ghana',261757602,3759059924,'2003-11-04','1995-08-29',24,102,53,3),(4,' Тёмный рыцарь','Et dolorum corrupti sed quia temporibus at. Vero qui eveniet reprehenderit blanditiis. Dolor doloribus ad numquam qui numquam qui et. Et impedit saepe libero rerum est possimus.',1983,'Liechtenstein',7439698663,1267454292,'1997-10-02','1989-08-17',20,250,54,4),(5,' Начало','Illo repellendus voluptatem sapiente eligendi voluptatem temporibus aut et. Error ea praesentium nostrum enim nihil. Voluptas voluptatem molestiae enim deleniti praesentium sed totam.',1989,'Isle of Man',4328623154,7932299218,'1977-01-27','1981-11-18',13,994,55,5),(6,' Эта прекрасная жизнь','Quia ut fuga reiciendis praesentium vitae voluptas eligendi ipsum. Error et asperiores ad praesentium dolores. Perferendis reprehenderit ad praesentium et soluta eius omnis.',2019,'Chad',5624463912,3798144802,'2017-09-28','1980-06-22',8,346,56,6),(7,' Гладиатор','Qui non deleniti eveniet veritatis. Ut perspiciatis possimus laboriosam tempora delectus sed. Quia numquam quas pariatur veniam animi inventore quis. Nemo quo ullam culpa consequuntur distinctio in expedita rerum.',2000,'Cameroon',3075071736,3772048817,'1979-05-31','1975-03-04',25,942,57,7),(8,' Подозрительные лица','Sunt vel commodi ut. Est voluptate quo nihil dolor odit iusto earum. Quae itaque vero ex at. Ut exercitationem aspernatur est impedit.',1978,'Nauru',7013251040,5980852814,'2008-01-05','1972-02-25',24,992,58,8),(9,' Унесённые призраками','Aut porro maxime quaerat in qui sunt assumenda minima. Sunt similique quibusdam totam consequatur eius. Nemo sint saepe minus nobis beatae minima quam. Enim dolores quas quidem.',2001,'Reunion',1801501972,7211384682,'1994-03-20','2019-07-31',19,235,59,9),(10,' Терминатор 2: Судный день','Eligendi eligendi est quod voluptas sapiente molestiae qui. Dolorem neque qui tempore temporibus et quod vel. Sit placeat corrupti dolor quibusdam ullam autem odit.',1994,'Lao People\'s Democratic Republic',4068041028,2408547286,'1995-12-26','1994-12-06',22,366,60,10),(11,' Психо','Incidunt occaecati est sit rerum sequi veritatis quam. Cum maxime nihil aspernatur. Porro iure facilis maiores dolores. Debitis itaque autem accusamus accusantium voluptatibus.',2016,'Guernsey',4448888683,5998617085,'1970-01-10','1994-11-11',3,317,61,11),(12,' Звёздные войны. Эпизод IV: Новая надежда','Doloribus illum eos est sint eum. Unde quae reprehenderit quis dignissimos voluptatem corporis. Consequatur et ipsum rerum unde.',1972,'Papua New Guinea',6982704148,147559945,'1996-07-20','2012-05-31',26,1105,62,12),(13,' Список Шиндлера','Delectus beatae consequatur aut tenetur suscipit voluptate praesentium cumque. Voluptas tempora quisquam asperiores exercitationem provident ad suscipit.',2000,'Svalbard & Jan Mayen Islands',6673144714,2913861078,'1992-07-19','1997-04-12',21,377,63,13),(14,' Однажды на Диком Западе','Voluptas excepturi qui qui quibusdam dolores qui. Aut iste voluptas iusto temporibus. Esse quae laudantium assumenda optio cupiditate aliquam.',1994,'Montserrat',7083012759,6917824392,'1985-06-12','2013-07-12',1,206,64,14),(15,' Могила светлячков','Quis nihil qui nisi eos voluptas ipsum nobis debitis. Corporis saepe similique quasi non aut itaque et. Dolorem quia impedit minus consequatur. Doloribus aut necessitatibus labore corporis totam ut consequatur.',1965,'Iraq',6137856718,1888933732,'2021-01-02','1978-07-13',14,64,65,15),(16,' Бойцовский клуб','Qui necessitatibus quia ipsa molestiae et dolor et. Non et iste minus autem aliquid architecto doloremque harum. Quis quo illo ut nesciunt voluptatum doloribus quod. Eum nulla et recusandae distinctio explicabo officia.',1975,'British Indian Ocean Territory (Chagos Archipelago',6586813589,2698039804,'1993-07-26','1988-01-23',20,348,66,16),(17,' Властелин колец: Две крепости','Ea quia vitae accusantium sint praesentium aliquam. Illo voluptatem quisquam nihil iste voluptatum numquam qui. Voluptas eligendi velit magnam placeat harum eos voluptatem. Cum illum vitae omnis corrupti.',2006,'Fiji',6025974792,3198104046,'2016-03-12','2019-04-03',14,573,67,17),(18,' Форрест Гамп','Quis voluptatibus et iste inventore impedit. Ut non odio fugit ut quidem. Est ut qui quisquam mollitia aperiam corrupti sint. Est est architecto nesciunt quas quidem illo.',2018,'Venezuela',4695212521,4560274367,'1981-02-15','1970-09-25',21,587,68,18),(19,' Харакири','Dolores deserunt qui esse quo omnis ut animi. Minima explicabo earum accusantium ratione. Corrupti non nostrum minima ut aspernatur labore.',1985,'Algeria',1376186933,6231678009,'2016-10-18','1975-07-18',21,672,69,19),(20,' Властелин колец: Возвращение короля','Aut odio quo cum magnam est. Et eum commodi consequatur necessitatibus assumenda. Sint beatae et et consequatur aperiam recusandae inventore.',1997,'Slovakia (Slovak Republic)',1608444334,6565361430,'1984-02-10','2009-06-21',9,485,70,20),(21,' Матрица','Quae labore sed molestiae quisquam modi placeat itaque. Architecto voluptatem quia aut commodi alias ea. Aliquid optio odit ut cupiditate esse excepturi.',1974,'United Kingdom',2635649288,2553922216,'1988-05-01','1990-09-26',3,344,71,21),(22,'Побег из Шоушенка','Totam odio sequi sed temporibus. Non magni illo sunt. Ut maxime et possimus est.',1986,'Sri Lanka',6624622535,3709572522,'1980-05-30','1979-01-29',12,494,72,22),(23,' Город Бога','Deleniti modi quaerat magni reiciendis qui rem. Nulla eos et veniam minima eaque. Modi blanditiis qui sint incidunt consequatur omnis rem.',2000,'Poland',3210283444,7149447645,'2010-02-16','1979-07-11',17,1069,73,23),(24,' Престиж','Unde molestiae ut rerum repellat sed. Nisi aut explicabo id quis. Dolor consequatur recusandae labore sunt vel sapiente.',2010,'Tuvalu',1326932881,5066916367,'1971-04-30','1973-12-24',9,703,74,24),(25,' Спасти рядового Райана','Voluptatem qui dolores amet soluta non culpa occaecati eos. Blanditiis perferendis voluptas et cum totam voluptatem enim.',1991,'Paraguay',7309487030,2469268288,'1977-12-11','2016-01-14',22,528,75,25),(26,' Новые времена','Nihil reprehenderit quia sit soluta alias velit praesentium beatae. Laudantium debitis illo veniam omnis nisi voluptate id. Fuga aut repellat voluptatem ut.',2010,'Maldives',2902998303,3537222319,'1992-01-08','1971-08-05',7,1159,76,26),(27,' Зелёная миля','Tenetur facere in at sunt facere dolorem beatae. Dolorem cumque in autem quia commodi exercitationem sunt totam. Aut eum quisquam veniam odit minus reiciendis quisquam. Enim ea laborum exercitationem ab.',2015,'Qatar',124403227,3395416986,'1978-08-21','1988-07-14',25,578,77,27),(28,' Назад в будущее','Inventore accusantium fuga eum facilis. Nam eos aut distinctio doloribus. Rerum molestias consequatur deserunt amet aut.',1975,'Cameroon',4666422718,5645927402,'1996-03-29','2000-06-24',20,237,78,28),(29,' Интерстеллар','Velit sed qui officiis fugiat facere dolores. Iusto sunt reprehenderit velit necessitatibus neque dolores quisquam corporis. Rerum assumenda sit repellendus aut corrupti.',2019,'Spain',2670015470,3941000266,'2009-06-09','1998-06-03',24,858,79,29),(30,' Жизнь прекрасна','Excepturi at dicta magnam explicabo et aliquam odio. Iure odio quis molestiae error rem. Blanditiis quia provident in delectus velit. Aut et et tenetur blanditiis.',2005,'Russian Federation',5469466814,3549710445,'2020-07-08','2014-08-18',15,1045,80,30),(31,' Хороший плохой злой','Culpa quia repellat facilis est soluta consequatur ut. Quam in qui ullam autem perferendis tenetur. In animi harum et quas.',2014,'Mauritania',2489916495,7470281404,'1999-06-23','1976-01-25',5,1112,81,31),(32,' Леон','Ut officia error dolores qui itaque. Nostrum numquam nemo adipisci veniam sunt. Dolorem ea nostrum aut autem culpa. Id eius fugiat voluptas hic dolorum.',1965,'Saint Kitts and Nevis',5175948814,3772860598,'1982-03-13','1999-04-03',1,1041,82,32),(33,' Огни большого города','Est saepe impedit excepturi commodi. Corporis aut qui quia voluptatibus. Mollitia dolor est perspiciatis cumque quaerat. Dolorem ea aut corrupti ut.',2012,'Croatia',6657054375,5138534817,'1991-09-16','1985-07-08',8,485,83,33),(34,' Новый кинотеатр «Парадизо»','Rerum assumenda eos ullam magni. Quam ratione qui et quia laboriosam recusandae et eligendi. Eum magnam necessitatibus possimus. Ratione vel debitis vel veniam id unde voluptatum.',1978,'Tokelau',6015021805,5592212331,'2008-10-31','2000-11-23',14,788,84,34),(35,' Криминальное чтиво','Quia reiciendis blanditiis repellendus consequatur ab enim facere corporis. Aperiam voluptatem vel excepturi nesciunt. Illum impedit necessitatibus quia at et eveniet sit totam. Commodi vitae ut veniam est dolore illo mollitia. Iusto magnam sapiente esse labore ut ipsam iure.',2017,'Algeria',2007036101,6735901183,'2008-07-28','1990-01-29',24,1112,85,35),(36,' Молчание ягнят','Quod et officiis veniam. Qui illo velit non sunt blanditiis quod in id. Accusantium reiciendis corporis voluptas in aut.',1998,'Venezuela',6271086215,2944925435,'2009-04-05','1982-03-14',8,1169,86,36),(37,' Американская история Икс','Ipsa minima et consequatur odit nisi dolorem sed. Ipsa dolore suscipit incidunt nihil aliquid laboriosam. Repellat beatae aut consectetur qui maiores. Rem impedit laudantium sed eius quae sint.',2007,'Kuwait',1065709751,5938591874,'2015-04-27','1994-12-17',2,432,87,37),(38,' Властелин колец: Братство Кольца','Rem earum ipsum et eos velit magni. Impedit animi et aut maxime sint. Quasi amet neque recusandae sit quod. Ut ducimus non harum maiores nihil.',1996,'Rwanda',1915068855,7174006166,'1991-08-14','2008-08-21',17,247,88,38),(39,' Одержимость','Et in voluptas qui excepturi et quia. Velit id quia quia hic est esse. Nihil non vel temporibus in odio aut architecto recusandae. Qui delectus et quasi repellendus.',1998,'Saint Barthelemy',2491234977,2937726580,'1995-12-23','1973-11-26',1,408,89,39),(40,' Звёздные войны. Эпизод V: Империя наносит ответный удар','Quisquam nihil magni ratione non eum. Omnis aut quae fugit ut repellat aliquid ut. Sit vel et nihil quaerat facere.',1973,'Iran',5707007589,1911961774,'2001-09-16','2016-06-30',25,612,90,40),(41,' 1+1','Harum illo illum totam soluta cumque neque. Non facere officia maxime sunt perspiciatis. Ut eius et ad corporis. Inventore eos ad reiciendis et ut perferendis tenetur.',2013,'Iceland',1598504987,3372637666,'1999-05-26','1998-04-26',20,222,91,41),(42,' Крёстный отец 2','Tenetur omnis eos et voluptas. Aspernatur qui omnis maxime modi expedita vel fugiat. Reiciendis sapiente sequi expedita velit quis odit.',1970,'Bahamas',2565047782,3866074757,'1985-01-12','2018-02-04',4,1181,92,42),(43,' Король Лев','Maiores deserunt occaecati sint et. Ut ut beatae aut. Ipsum voluptas quia sed porro magnam.',2011,'Nicaragua',6485364621,5551541804,'1985-10-14','1971-02-03',25,562,93,43),(44,' Пролетая над гнездом кукушки','Eius consequatur nostrum ut fugit blanditiis pariatur. Error ea praesentium molestiae provident et dignissimos. Repellat dicta voluptatem officiis error laboriosam et eaque.',1966,'Saint Lucia',14008253,2559369022,'2018-03-18','2008-02-27',14,777,94,44),(45,' Семь','Temporibus voluptates modi consequatur. Aut quam quos doloribus omnis dolores. Praesentium harum eos ut omnis atque quae aut officiis.',2001,'Zimbabwe',4559620706,858800618,'2008-02-12','1980-08-08',11,30,95,45),(46,' Паразиты','Iste dolore expedita dolor quis quia modi. Explicabo sed quia sint ratione fuga et. Adipisci necessitatibus qui et. Mollitia pariatur quae perferendis.',1979,'Niger',194579178,2265090619,'2013-04-29','2000-04-26',20,35,96,46),(47,' 12 разгневанных мужчин','Temporibus vel sed saepe sunt vero rem beatae. Qui facilis eum qui inventore minus. Ex molestiae est voluptates porro culpa ut. Saepe aperiam qui molestiae fugit sed laboriosam est.',1965,'Lesotho',3477972056,438147626,'1993-11-18','1992-07-06',11,775,97,47),(48,' Касабланка','Delectus aspernatur autem eligendi atque qui. Sit inventore ea sapiente debitis aut. Neque iste nihil unde sit voluptas et doloribus.',2007,'Bahrain',6248909569,3673528806,'2017-02-04','1997-11-26',8,755,98,48),(49,' Славные парни','Quia necessitatibus aut excepturi animi repudiandae autem. Qui nemo voluptates temporibus.',1975,'United States of America',7108827084,4703619291,'2005-11-03','2014-05-10',9,510,99,49),(50,' Крёстный отец','Mollitia perspiciatis rerum optio. Voluptatem eos animi est ratione et accusamus. Deserunt aut possimus nesciunt recusandae est quae.',1993,'Nepal',2921435350,4185835285,'1987-01-06','2007-02-19',16,684,100,50);


# 8. Сериалы
DROP TABLE IF EXISTS serials;
CREATE TABLE serials(
	id BIGINT UNSIGNED NOT NULL AUTO_INCREMENT PRIMARY KEY,
	name VARCHAR(100),  -- Название сериала
	description TEXT,  -- Описание 
	year YEAR NOT NULL,  -- Год выхода
	country VARCHAR(50) NOT NULL,  -- Страна производства 
	premier_date_world DATE,  -- Дата премьеры в мире
	premier_date_rus DATE,  -- Дата премьеры в России
	age_limit TINYINT UNSIGNED NOT NULL,  -- Ограничение по возрасту
	cover_file_id BIGINT UNSIGNED NOT NULL UNIQUE,  -- Ссылка на файл обложки
	FOREIGN KEY (cover_file_id) REFERENCES files(id)  
);

INSERT INTO `serials` VALUES (1,'Ведьмак','Earum ea doloremque et tempore dignissimos neque dolorum eum adipisci sequi molestias omnis iure et placeat est labore et doloremque non non officiis esse deserunt ea recusandae fuga quisquam et rerum qui necessitatibus pariatur ipsum cumque odio atque dolores et sed neque vel necessitatibus qui quo eius consequatur dicta perspiciatis vero et velit aliquid consequatur consequatur est ut voluptatum asperiores incidunt tempora laborum sint facere est molestiae eaque sunt ipsum tenetur consequatur veniam omnis aperiam molestiae optio sunt tempora ea voluptas earum quas cum eius eum velit et aut necessitatibus ipsa cumque adipisci esse dolorem eveniet temporibus est dolor quos et sint vitae dolores consequuntur qui aspernatur ex qui magni sint repellat omnis velit amet nulla minus deleniti voluptatem temporibus doloribus quis sequi placeat voluptates autem quia perferendis voluptas dolor corporis velit non consequatur error.',1981,'Antigua and Barbuda','2008-05-15','1986-09-30',4,1),(2,'Видеть ','Error voluptates et nesciunt quam magni quisquam ad sapiente aliquid consequatur quis at ullam mollitia eos ipsum voluptatem ullam aliquam qui delectus eum eos dolorem rerum doloribus qui blanditiis voluptate rerum repudiandae voluptas soluta voluptate eius nam sequi iusto sed molestias deleniti maxime rem quam omnis maxime ducimus mollitia minima perferendis nihil delectus ut eveniet in vero aut rerum neque rerum sequi consequatur qui blanditiis nam qui qui voluptatem cupiditate quo voluptatibus aut cupiditate excepturi beatae est magnam quae aut quidem provident temporibus voluptatem alias nam est blanditiis alias praesentium quidem delectus doloremque nostrum cum consequatur qui explicabo optio mollitia doloremque et earum qui deleniti mollitia doloremque nobis nobis ea exercitationem placeat et.',1997,'Ghana','2006-08-22','1985-06-15',27,2),(3,'Касл Рок','Sed accusantium esse aut inventore sint et aut facilis saepe quod praesentium minus impedit ut facere et rem esse et quisquam qui deserunt animi architecto ut suscipit quidem dolorem minima dolore aut nulla id ut dignissimos voluptatem cumque ea quam aliquid id qui magni labore rem et facere amet deleniti est ipsa facere accusamus qui nostrum ut adipisci itaque nulla commodi itaque molestiae doloremque quidem libero architecto alias neque ut.',2000,'Liechtenstein','2021-01-17','1979-05-23',13,3),(4,'Очень странные дела ','Neque aliquid blanditiis quia minus deserunt magnam consequuntur amet reprehenderit voluptates ut maxime officia nisi aut eum autem sit ut odit labore cupiditate suscipit perferendis voluptatem qui voluptatem ea aliquid quis est consequatur et fugit omnis soluta debitis consectetur nam eos quis voluptate amet autem et aperiam atque sed quod nisi non in voluptatibus ut dicta est non quas est mollitia provident quia eaque eveniet et natus temporibus nesciunt non veniam labore dolor ea fuga sint quas sit harum possimus iure libero minima ex vero autem quasi velit omnis rerum eligendi velit nesciunt et distinctio voluptatibus qui id ipsum ullam est eligendi enim explicabo sunt soluta natus doloribus culpa soluta dolore ut et quia voluptatem ut magni quibusdam dicta eveniet sed ut et animi illo saepe maxime omnis alias a perferendis qui dolorem.',2016,'Chad','2002-09-01','2019-12-30',16,4),(5,'Призраки дома на холме','Enim et molestiae aut voluptatem dolorem atque sint nobis voluptates tenetur iste fuga eum quidem tempore ab provident dolorem dolor distinctio eum veritatis et aspernatur dolore neque quae dicta ut vel consequatur architecto quibusdam ad vel dolor laboriosam tenetur quaerat iure consequatur delectus autem numquam aut occaecati debitis doloremque adipisci nihil occaecati quam ipsam maiores accusamus quibusdam dolor ut voluptatem nesciunt molestiae asperiores repudiandae qui ut ut ut nihil molestias iure eos exercitationem quos architecto corrupti et quia incidunt incidunt enim deserunt consectetur quibusdam dolor provident fugit et nobis vitae voluptatem ducimus et nisi ea velit et distinctio est et.',1999,'Nauru','1982-02-24','1991-08-21',14,5),(6,' Почему женщины убивают','Delectus nulla nemo iure dolor praesentium sed corporis rem excepturi aliquid et ut iure est eos perspiciatis ut aliquid quia velit dignissimos libero dolor saepe vel sint sed quas dignissimos ducimus est odio vel qui expedita sunt occaecati et voluptatem rem sapiente molestiae quam et deleniti illo illo laboriosam autem ad soluta harum enim quod officiis corporis consequuntur quos voluptatem magnam temporibus magni unde odio sit molestias perspiciatis autem aliquid perferendis in sint quas nobis eum doloremque perspiciatis totam aut veniam qui ut voluptatem non dolor amet.',1997,'Lao People\'s Democratic Republic','1975-05-02','1971-08-19',20,6),(7,'Содержанки','Assumenda possimus et iste excepturi est sit consequatur adipisci ut expedita soluta placeat voluptatibus adipisci distinctio ea maiores possimus ut praesentium possimus inventore officia itaque ut ut dignissimos quis illum nam est sequi corporis necessitatibus labore autem est tempora vel nulla reprehenderit tempore non esse dolorem voluptate excepturi quibusdam nihil eum excepturi fugiat est accusantium laudantium vel dolorem possimus ipsum tempore eaque cupiditate expedita ipsam omnis enim incidunt fugit accusantium id est aut commodi necessitatibus nobis in et dolorem quas vitae aut quae distinctio molestiae quod vero repellendus qui magnam impedit asperiores ea alias ipsa ipsam aliquam asperiores voluptatem voluptas rerum voluptas occaecati esse sint sed nulla nisi aut atque et totam maiores repudiandae ut voluptas in eum reprehenderit cum commodi aliquid magni id beatae eos rerum incidunt tenetur ut est adipisci culpa sed.',2019,'Guernsey','1977-05-25','2019-10-01',23,7),(8,'Фарго','Similique consequatur ut consequatur soluta velit optio eveniet ipsam ut voluptatibus iure occaecati in numquam qui quam nobis autem adipisci mollitia harum fugit quae vitae a sit quis doloribus hic non enim quos voluptates dolor esse necessitatibus quia corrupti suscipit illo doloremque soluta corporis deleniti dolorum incidunt esse quia officiis quia possimus non est delectus in amet aut atque et rerum et ratione minus veritatis ullam quis vel et doloribus magni sit officiis incidunt nam ullam pariatur tenetur pariatur neque dignissimos cumque nostrum quisquam ea provident esse ullam qui explicabo placeat dolorem incidunt aut magnam vel velit voluptas voluptas ratione distinctio optio sunt quae earum rem rerum qui error ut magnam et sint veritatis doloremque aspernatur inventore perspiciatis eligendi consequatur iste quis perferendis assumenda reiciendis minima consequatur tempora iure sint iste nulla harum vel ratione qui.',2003,'Papua New Guinea','1987-06-26','1986-07-11',17,8),(9,'Чернобыль','Nobis ab incidunt aliquam libero alias reiciendis consequatur doloremque corrupti placeat magni illo eum minus qui deleniti autem possimus ut illum quibusdam vitae unde cupiditate deserunt veniam eius soluta dolorem fuga voluptas assumenda blanditiis alias assumenda eveniet aut quam necessitatibus itaque nemo et et ut deleniti vitae totam voluptatem inventore blanditiis praesentium est hic tempora molestias animi dolores vel cum earum neque dolor aliquid pariatur delectus cumque alias est consequatur eveniet accusantium accusantium autem eveniet repellat vitae consectetur sint non nihil dicta eius nam beatae illum perspiciatis reiciendis magni doloribus corrupti et illo nostrum voluptas eos aperiam harum recusandae ullam mollitia quae excepturi perferendis velit natus nemo est corrupti aut hic et in ex.',2003,'Svalbard & Jan Mayen Islands','2016-05-06','1983-11-05',5,9),(10,'Джессика Джонс','Voluptates ex placeat unde sit et illo consequatur quo cum aspernatur itaque illo atque et dolorem quia repudiandae vel consequatur iusto adipisci vitae omnis ullam porro et voluptatem nemo ab perferendis sint ea labore voluptas deleniti ut quo est aut id maxime sit esse est illum labore odit nisi assumenda aut impedit sit placeat corporis aliquid cumque animi eos aperiam itaque ea laboriosam fugit commodi ratione voluptate expedita explicabo qui est exercitationem qui ut beatae non et in molestias enim et sunt autem modi architecto consectetur et qui deleniti sunt quas dolor quia omnis ipsum doloribus voluptatibus qui dolores est quisquam culpa id architecto non ab corporis distinctio sed omnis quasi qui reprehenderit delectus ipsa adipisci accusantium et odio laborum voluptatem veniam beatae quidem quas vitae vero soluta ipsum aspernatur illo dolorem voluptatibus quam repudiandae molestiae velit ad quia iure non.',2012,'Qatar','2006-09-25','1981-07-29',22,10);



# 9. Сезоны сериалов
DROP TABLE IF EXISTS seasons_serials;
CREATE TABLE seasons_serials(
	id BIGINT UNSIGNED NOT NULL AUTO_INCREMENT PRIMARY KEY,
	serial_id BIGINT UNSIGNED NOT NULL,  -- id сериала к которому относится данный сезон
	number TINYINT UNSIGNED NOT NULL,  -- Номер сезона
	name VARCHAR(100),  -- Название сезона
	description TEXT,  -- Описание
	year YEAR NOT NULL,  -- Год производства
	premier_date_world DATE,  -- Дата премьеры в мире
	premier_date_rus DATE,  -- Дата премьеры в России
	cover_file_id BIGINT UNSIGNED NOT NULL,  -- Ссылка на файл обложки	
	FOREIGN KEY (serial_id) REFERENCES serials(id),
	FOREIGN KEY (cover_file_id) REFERENCES files(id)	
);

INSERT INTO `seasons_serials` VALUES (1,1,2,'exercitationem','Voluptatem quasi voluptates voluptas ratione et cum reprehenderit. Dignissimos minus qui et. Molestiae nostrum ut dolorem. Non iusto perspiciatis dolorem facere consequatur quis.',2004,'1973-05-08','2016-10-28',1),(2,2,1,'facere','Doloribus illum porro voluptate quo et minus nesciunt. In assumenda quod voluptatibus rerum suscipit reprehenderit. Rem dolorum sit tempore iusto in.',1988,'2004-12-24','2012-08-12',2),(3,3,1,'iure','Qui quo maxime praesentium vitae voluptatem et voluptas. Voluptas nobis est ut ipsum magni quaerat. Et qui ratione facere dolorum debitis ex omnis nulla. Placeat officia error odio ipsam nobis voluptate.',1987,'1973-10-07','1981-10-10',3),(4,4,5,'praesentium','Dolore ut sed itaque sit. Dolorum saepe commodi totam molestiae delectus quos vitae. Ducimus temporibus molestiae dolorum excepturi et in.',2003,'2009-05-15','2002-01-15',4),(5,5,3,'est','Ab quasi odit impedit voluptatibus nihil laudantium. Ipsum accusantium velit nihil quidem. Minima voluptatem facilis maxime rerum et magnam quasi.',1990,'1987-03-01','2008-06-04',5),(6,6,1,'eligendi','Autem iusto dignissimos eius qui et assumenda. Provident odit dolorem sint earum qui. Dolorem eius est et voluptatem eveniet rem. Debitis quos omnis est voluptatem quidem earum.',2018,'2019-12-21','1977-05-01',6),(7,7,5,'maiores','Repellendus adipisci sint officia labore commodi debitis autem sit. Voluptas voluptate excepturi rem placeat qui voluptates. Incidunt placeat officiis soluta enim quo. Accusantium non non eum soluta repellendus optio.',1994,'1992-09-24','1997-12-15',7),(8,8,2,'iusto','Nesciunt rerum quod ad quia. Sed distinctio et ducimus aut sit temporibus rerum. Eligendi officia quia nam.',2013,'1995-03-20','2009-06-13',8),(9,9,1,'dolorem','Consequatur vitae omnis incidunt et. Amet praesentium sit reiciendis laudantium labore. Ut eius pariatur temporibus.',2020,'1992-01-03','2020-08-27',9),(10,10,4,'sed','Et aperiam sed nihil et aut voluptatem quae. Voluptatem aliquid sit fugit et rem aperiam quasi. Qui facere reprehenderit praesentium sit mollitia.',2005,'2009-01-27','1989-02-10',10),(11,1,1,'vero','Molestiae omnis molestias molestias eum soluta est quidem. Explicabo voluptate veritatis tenetur magni quos. Reprehenderit laborum et similique inventore natus. Dolorem architecto nesciunt voluptatem quia sunt.',2020,'1992-10-25','1972-09-15',11),(12,2,2,'repellat','Distinctio accusantium vitae dolorem sit. Placeat dolores deleniti eligendi qui. Unde voluptas magnam ipsam quae libero. Cumque molestiae laborum voluptatem qui debitis voluptatum. Est est sapiente atque ut in accusantium quas iusto.',1996,'1984-02-18','2013-05-28',12),(13,3,4,'voluptas','Modi tenetur nostrum vel perspiciatis quod possimus. Saepe ullam voluptatem nisi optio et. Minima accusantium error harum qui voluptatem. Tenetur voluptatem at architecto voluptatem dolores perferendis qui.',2009,'2003-04-11','2014-01-07',13),(14,4,5,'sit','Sit consequatur cum quae sunt dolorem fugit sit. Adipisci eius ipsam quis nesciunt quae quia. Nesciunt ab sunt delectus nesciunt velit aut.',1993,'1974-09-16','2001-04-26',14),(15,5,5,'totam','Aperiam optio qui ex et ut occaecati et. Consequuntur consequatur odit voluptates fugiat. Beatae qui consequatur placeat et non repudiandae ea et. Quam sit suscipit excepturi voluptatum fuga ut.',2012,'2005-02-24','2019-03-08',15),(16,6,4,'et','Excepturi eaque quam et asperiores soluta suscipit. Porro dolorem perspiciatis vel inventore voluptatem. Accusamus et quisquam officiis recusandae qui dolorum delectus.',2019,'2002-05-29','2013-10-15',16),(17,7,4,'itaque','Sit ipsum sit blanditiis reprehenderit autem. Occaecati mollitia quasi sint optio unde dolores. Dolores delectus numquam repudiandae necessitatibus.',1972,'1990-03-14','1998-01-06',17),(18,8,2,'ut','Dolores est reprehenderit sapiente magni. Aut commodi facere maiores quia. Illo aut velit minus doloribus ad.',2003,'1998-04-06','2011-03-01',18),(19,9,4,'molestiae','Ex doloribus repudiandae qui sit earum. Fugiat perferendis perferendis maxime. Non asperiores hic dignissimos voluptatem dolorem dolores nihil. Laudantium non molestiae ea neque hic illo id.',1975,'2012-10-27','2021-05-04',19),(20,10,3,'in','Enim adipisci animi enim. Et vel delectus magni cupiditate cumque qui iusto alias. Qui iste maxime nostrum nulla quo quo.',1970,'2000-07-14','1992-05-03',20),(21,1,2,'velit','Et magnam vel autem consequatur quia. Quo neque in officia delectus. Sunt itaque maxime enim odio provident labore soluta commodi. Vero eos ipsam et ipsa. Nam nisi nemo quis qui consequatur labore.',2006,'1989-11-14','1991-12-13',21),(22,2,1,'ad','Itaque occaecati porro omnis laudantium. Porro doloribus sapiente qui neque velit nisi. Rerum et commodi ea quae facilis facere natus. Voluptas voluptatem sequi maiores et possimus possimus ea in.',2019,'1974-04-24','2018-08-04',22),(23,3,4,'omnis','Repellat laborum omnis ducimus sint. Vel distinctio hic fugiat aut quae. Autem voluptatibus earum nesciunt consectetur. Est dolor quam et id nostrum totam. Laborum molestiae quis quam numquam qui molestias voluptatem.',1995,'2020-03-26','1997-06-09',23),(24,4,2,'amet','Quae dicta qui sapiente iusto architecto. Aut dolores quaerat sit reprehenderit. Quia est reiciendis quibusdam nostrum asperiores nisi. Ea quasi necessitatibus omnis hic temporibus ipsum blanditiis. Odit voluptates tenetur doloribus molestiae ab consequatur.',2018,'1974-06-20','1970-08-01',24),(25,5,2,'molestias','Et illum rerum saepe molestiae qui omnis. Id fugit explicabo atque provident est quo rerum. Eum ducimus nostrum quo minima dolor. Corrupti exercitationem natus maiores corrupti voluptas sunt dolorem laudantium.',2006,'2020-09-03','1981-06-10',25),(26,6,5,'eum','In officia reiciendis voluptates est explicabo. Quia placeat nihil et qui. Consequuntur hic ratione et optio quidem. Sed ea quas sed autem quis voluptatem.',2020,'1983-12-06','1985-02-27',26),(27,7,1,'blanditiis','Aut ipsam sed fugit aut ut libero voluptates vero. Quia omnis quam atque magni. Eum beatae consequatur vel ut maiores.',2020,'1990-05-02','1979-11-13',27),(28,8,4,'similique','Et dolorum voluptatum aspernatur aut sit error molestiae enim. Ut eum est voluptatem rerum delectus. Nostrum itaque sunt iusto quaerat qui numquam.',1972,'2005-08-30','1987-12-22',28),(29,9,3,'eos','Quibusdam delectus debitis reiciendis hic quo ut voluptate. Laborum ullam perferendis quia est nostrum a optio.',1987,'1985-04-24','2018-11-03',29),(30,10,2,'veritatis','Qui qui sunt voluptatem ut voluptates molestiae. Ut quia eum beatae est inventore ipsam facere et. Nihil et rem laudantium voluptas.',1989,'2008-08-07','2009-09-08',30),(31,1,2,'perspiciatis','Aliquam qui dolor distinctio voluptatibus dolores quisquam. Doloribus vero doloribus accusamus. Fugit placeat quam amet sint quisquam. Similique praesentium exercitationem sit ipsam iusto et consequatur.',1980,'1986-06-16','2016-07-21',31),(32,2,3,'vel','Similique rerum deserunt eligendi fuga fugit et dignissimos. Id nobis est in facilis. Laborum dolores dolores sit error laudantium. Non quia aspernatur perspiciatis sint a voluptatem autem.',2020,'1993-07-08','1992-05-10',32),(33,3,1,'et','In delectus occaecati excepturi id. Qui fugiat explicabo reprehenderit culpa eius. Aliquam impedit quo ducimus dolore natus porro doloremque.',2017,'1979-08-20','2013-06-11',33),(34,4,2,'culpa','Vel perspiciatis soluta et reiciendis. Aliquid voluptate dolorum quia repellendus. Sit distinctio deserunt aliquid.',2000,'1992-09-05','1991-12-28',34),(35,5,5,'veniam','Ut modi dolores dicta ut enim aut. Non exercitationem et minima possimus voluptatem cupiditate. Sed perspiciatis nihil minima sit magni.',2018,'2001-07-16','2012-08-06',35),(36,6,4,'qui','Qui officiis aut et odio. Dicta veniam occaecati voluptate sunt.',2003,'1987-12-16','2003-07-16',36),(37,7,3,'qui','Esse voluptas expedita ea autem. Labore nesciunt commodi aliquid ut ex. Quaerat accusantium et repudiandae quibusdam. Ad ratione odit adipisci possimus accusamus saepe est quia.',2018,'2003-09-26','2009-08-07',37),(38,8,2,'similique','Autem fuga cum aut quis. Sit quibusdam autem enim quia asperiores sapiente hic quas. Aut et porro vitae veritatis.',1983,'2009-05-29','2019-11-30',38),(39,9,4,'libero','Recusandae perferendis qui sit qui sint sapiente eum quo. Maiores est voluptatem neque consequuntur officia cumque ea. Rerum amet incidunt consectetur.',2000,'2006-09-11','2000-03-11',39),(40,10,2,'veritatis','Natus et est minima sunt qui et ut. Et nemo odio labore quo facere. Possimus quia hic porro.',2013,'1977-05-16','2010-06-12',40),(41,1,3,'quae','Dolor vel minima soluta in eos nihil porro distinctio. Qui eum odio beatae cumque. Dignissimos facilis ut accusamus nisi dolor voluptatibus amet.',1977,'1988-10-22','1981-03-18',41),(42,2,4,'vitae','Quis debitis expedita nihil amet expedita. Explicabo dolorem eos ipsam assumenda repellendus libero. Eos in sed eos aut ducimus est.',1992,'1979-06-02','1978-08-09',42),(43,3,5,'maiores','Qui aliquam quis a qui quam totam. Pariatur velit non libero voluptate quas animi. Veritatis animi vel quidem provident non omnis repudiandae. Ratione magni voluptatum ea alias.',1980,'1974-09-06','1973-09-14',43),(44,4,4,'saepe','Est rerum aut numquam quos molestiae voluptas et consequatur. Fugit nihil voluptatem qui. Eveniet sapiente id sed quo. Labore corrupti aut distinctio.',1979,'1994-12-28','2017-10-24',44),(45,5,3,'ab','Aut similique enim ducimus in veritatis corrupti provident culpa. Dolor molestias sint recusandae aperiam facilis deserunt eligendi. Esse eligendi et est. Ullam repudiandae vel necessitatibus neque et quod enim quia.',2003,'2005-06-04','2021-04-06',45),(46,6,4,'minima','Quo incidunt voluptates aut et magnam. Dolor ea impedit occaecati necessitatibus. Et maiores quidem sed sit quas at deserunt.',1999,'2015-01-16','1987-09-14',46),(47,7,1,'quis','Quis dolor similique earum velit excepturi et laboriosam. Maxime voluptatem sunt vel. Reiciendis molestias aut officiis labore.',2000,'2021-04-26','2003-11-10',47),(48,8,4,'dolores','Autem molestiae maxime a perferendis placeat aut accusamus. Dolores quod doloribus voluptatem in. Molestias laboriosam ex enim impedit facere quia.',2020,'2020-10-31','2008-08-10',48),(49,9,3,'voluptatem','Architecto saepe maiores aut. Provident quod laboriosam nemo eos laudantium voluptatem aut. Aliquid non asperiores consequatur exercitationem aut quod aut.',2001,'1992-10-08','2018-05-14',49),(50,10,4,'modi','Aliquid modi rerum quae ut. Vitae id corrupti repudiandae aspernatur. Molestias ea voluptatem ullam aut facere a corporis. Nisi suscipit optio qui odit numquam.',2014,'1995-07-18','1982-01-31',50);


# 10. Серии
DROP TABLE IF EXISTS episodes_serials;
CREATE TABLE episodes_serials(
	id BIGINT UNSIGNED NOT NULL AUTO_INCREMENT PRIMARY KEY,
	serial_id BIGINT UNSIGNED NOT NULL,  -- id сериала к которому относится данный сезон
	season_id BIGINT UNSIGNED NOT NULL,  -- id сезона к которому относится данная серия
	number TINYINT UNSIGNED NOT NULL,  -- Номер серии
	name VARCHAR(100),  -- Название серии
	duration TINYINT UNSIGNED NOT NULL,  -- Продолжительность в минутах
	description TEXT,  -- Описание
	episode_file_id BIGINT UNSIGNED NOT NULL UNIQUE,  -- Ссылка на файл эпизода
	cover_file_id BIGINT UNSIGNED NOT NULL,  -- Ссылка на файл обложки
	FOREIGN KEY (episode_file_id) REFERENCES files(id),
	FOREIGN KEY (cover_file_id) REFERENCES files(id),
	FOREIGN KEY (serial_id) REFERENCES serials(id),
	FOREIGN KEY (season_id) REFERENCES seasons_serials(id)
);

INSERT INTO `episodes_serials` VALUES (1,1,1,1,'iure',20,'Maiores qui mollitia sit voluptatum distinctio ex. Ut explicabo qui enim et. Aspernatur dolorem voluptas nihil quia autem sed.',101,1),(2,2,2,2,'nostrum',104,'Iste quidem odit fugit aut. Aliquid dolorum quia et sed perferendis id. Veniam est aspernatur eligendi consequatur earum.',102,2),(3,3,3,1,'vel',66,'Voluptas repellendus consequatur molestias maxime dolore reiciendis. Amet dolores molestiae et omnis quaerat tenetur. Sed est cupiditate occaecati facilis quod qui aut. Libero numquam dignissimos aliquam reprehenderit autem voluptatem voluptatem. Qui porro accusamus nostrum fugit atque porro nobis delectus.',103,3),(4,4,4,1,'dolores',87,'Nesciunt eligendi totam sequi non sed. Praesentium vitae ab dolor libero. Qui velit est dolores voluptatum vitae. Consequuntur iure aut impedit rerum quia est sequi.',104,4),(5,5,5,1,'doloremque',40,'Nisi et repellat et nulla qui quia veritatis. Repudiandae eius eveniet esse nemo excepturi voluptatem in. Est dolorum accusamus voluptatem cumque. Est labore neque rerum. Nesciunt illum eius consequuntur voluptate laboriosam deleniti quis.',105,5),(6,6,6,1,'eum',34,'Dolor velit esse omnis quo sed qui laudantium. Consequuntur numquam quo sit. Voluptate provident quae quia molestiae ad optio. Eos error temporibus omnis quasi.',106,6),(7,7,7,2,'est',85,'Eaque sunt laudantium vel iste nobis fuga nobis earum. Aut consequatur hic id perspiciatis facilis illum cupiditate.',107,7),(8,8,8,1,'voluptatem',20,'Aliquid itaque omnis non architecto. Et id suscipit nam cumque qui eius. Tenetur ullam temporibus et neque magnam. Dolores est possimus veritatis ipsam ipsum.',108,8),(9,9,9,1,'hic',61,'Rem odit nostrum quibusdam voluptatum neque dicta. Occaecati quas quo ipsum ipsum. Quis ad nulla autem neque praesentium et.',109,9),(10,10,10,1,'a',45,'Impedit mollitia reprehenderit in eveniet. Et commodi at nihil qui modi. Saepe quod omnis quo nihil modi et. Nisi perspiciatis maiores id iusto excepturi.',110,10),(11,1,11,1,'quisquam',62,'Corrupti architecto quasi doloribus magni. Enim iure enim repellendus quidem aut neque. Occaecati distinctio commodi modi cupiditate doloribus perspiciatis et. Vitae et vel fugiat accusantium et.',111,11),(12,2,12,1,'harum',40,'Pariatur suscipit voluptas vero expedita unde iusto. Nihil sed autem dolorem inventore repellat consectetur assumenda. Rerum non quia dolorem ipsam. Non sint non pariatur quasi laborum quisquam facere.',112,12),(13,3,13,2,'nesciunt',22,'Eum est id ut recusandae. Cupiditate qui cupiditate ea sint molestias incidunt. Harum debitis ducimus qui incidunt et et culpa.',113,13),(14,4,14,1,'perspiciatis',33,'Id eaque ullam laborum rerum accusamus. Tenetur voluptate voluptas quidem. Labore qui labore quia.',114,14),(15,5,15,2,'similique',73,'Voluptatum explicabo natus voluptates dolorem quo neque. Enim vel maxime qui aut. Qui consequatur nam voluptatem necessitatibus velit ut. Expedita sunt omnis est quod aliquam consequatur.',115,15),(16,6,16,1,'ex',88,'Dolores ipsa repellat qui ut est. Adipisci tenetur veniam consequuntur eveniet fugit incidunt. Dolorem non sed itaque esse.',116,16),(17,7,17,1,'soluta',74,'Ipsam aut deserunt voluptatem quam eveniet amet quas. Fuga cum dolorem eligendi aut doloribus optio ab. Sit quidem minima atque laboriosam rerum.',117,17),(18,8,18,2,'omnis',107,'Aut est vel sit id. Nisi dolores rerum qui placeat numquam aut quibusdam aut. Iure ut quis ex error illum doloremque quae. Facere magnam molestiae eligendi soluta exercitationem dolores nam error.',118,18),(19,9,19,2,'veritatis',28,'Laborum omnis voluptatem vel qui numquam omnis hic. Omnis cumque in saepe laudantium rerum ratione. Et officiis omnis ut sint magni. Autem eum at ducimus est est.',119,19),(20,10,20,1,'dicta',31,'Eligendi architecto illum aut velit. Quo cum qui praesentium eius voluptatem. Impedit aspernatur mollitia dolorum officia molestias sint. Ratione veniam mollitia quibusdam adipisci enim.',120,20),(21,1,21,2,'a',74,'Et placeat dolore et vel. Quo nobis minus saepe et rerum. Et debitis velit perferendis voluptatem natus est. Molestiae error et ea assumenda omnis sunt.',121,21),(22,2,22,1,'reiciendis',58,'Ducimus aut ut labore unde. Accusamus unde et sed ut vel accusamus. Odit facilis laborum fuga ipsum delectus unde. Ducimus nulla itaque dolores eaque voluptatem nobis debitis.',122,22),(23,3,23,1,'aspernatur',45,'Aut voluptatem sint error. Et dolorem ut ratione. In molestiae voluptate iste similique.',123,23),(24,4,24,2,'eius',20,'Dolor sunt animi ipsum maxime odit et quaerat architecto. Sed expedita voluptatum veniam aut nihil. Totam eum rerum officiis voluptas. Eum placeat corporis et iste sed aut fuga possimus.',124,24),(25,5,25,2,'impedit',103,'At velit molestiae dolorem dolorum nesciunt autem cupiditate. Nesciunt voluptate quasi eos velit. Hic dolorem amet laudantium sit hic. Ut est quibusdam ipsum nemo qui incidunt accusantium alias.',125,25),(26,6,26,2,'sit',42,'Eligendi est dolorum incidunt esse. Ad neque et in totam. Repellendus repudiandae qui qui ut maxime illum molestiae.',126,26),(27,7,27,2,'ut',112,'Ratione nihil nobis quasi facilis amet dicta omnis. Laudantium cum aut dolorem. Non quo est laborum perspiciatis esse.',127,27),(28,8,28,1,'doloremque',33,'Reprehenderit incidunt omnis aliquid tenetur. Ut et sapiente sunt sint iste nostrum vel. Sunt dignissimos sed ipsum qui aut. Ipsa aliquam ipsa libero.',128,28),(29,9,29,1,'ex',60,'Et sunt quo animi molestiae sunt delectus sed. Quis omnis iusto impedit ea laudantium molestias.',129,29),(30,10,30,2,'rerum',77,'Et ut facilis accusantium quos libero. Et occaecati eum ducimus laborum.',130,30),(31,1,31,2,'voluptas',65,'Iusto ducimus eveniet voluptatem et corporis autem quod. Neque vel sequi ratione.',131,31),(32,2,32,1,'qui',34,'Et eum neque quaerat. Sit unde ut at est tempore assumenda. Ad iure enim voluptatem molestiae. Pariatur aut quidem ipsa dolores consequatur eaque numquam.',132,32),(33,3,33,2,'quo',35,'Eveniet velit dolores et voluptas maiores sunt. Sint nam velit explicabo. Blanditiis quasi et eaque sed qui. Repellat repellat quasi blanditiis corporis incidunt nulla.',133,33),(34,4,34,1,'sed',20,'Cupiditate et sint deleniti voluptas recusandae et quas ullam. Ut molestias soluta minus voluptatem. Laboriosam quibusdam eaque esse voluptatibus et qui aut.',134,34),(35,5,35,1,'dolores',51,'Tenetur voluptates ut cumque ipsam aspernatur. Optio sunt qui ut dolores similique veritatis culpa earum. Aut iusto consequatur eaque asperiores eos id quod.',135,35),(36,6,36,2,'eveniet',56,'Doloremque doloribus sed expedita dolores. Aliquam quasi officia repellat qui saepe. Et odit earum ea odio deleniti dolorem facere officiis.',136,36),(37,7,37,2,'magni',64,'Minus dolores asperiores vel debitis. Sit eaque maiores ut qui laudantium eos.',137,37),(38,8,38,1,'vel',117,'Id repellat alias quas nulla eaque aut. Sint possimus officiis officia et. Quas earum repudiandae autem autem rerum.',138,38),(39,9,39,1,'inventore',55,'Totam sequi dolor et. In dignissimos ab voluptatum. Quidem similique impedit porro ipsum ut aliquam assumenda. Et consequatur hic tempore officia eum necessitatibus deserunt.',139,39),(40,10,40,2,'qui',95,'Eveniet sit libero ut. Ratione architecto quo consectetur dolores accusantium saepe. Eaque ut tempora blanditiis autem fugiat ullam. Earum nesciunt harum quidem eveniet aut quam laboriosam.',140,40),(41,1,41,2,'libero',79,'Ut qui illum aperiam voluptatem. Cumque autem aut cumque quisquam rerum quia. Molestiae quae maiores odio laborum non vero necessitatibus.',141,41),(42,2,42,2,'eum',70,'Facere cumque dicta aut. Id aut ad eum aut id voluptas omnis. Reiciendis molestias recusandae deserunt et dolore ea. Non maiores beatae dolores sapiente ex.',142,42),(43,3,43,1,'soluta',120,'Aut qui ipsa error non veritatis. Illum neque neque incidunt enim ducimus perferendis vel. Rem rerum expedita non sed aut. A sed esse tempore unde mollitia sed. In dignissimos eius odio.',143,43),(44,4,44,1,'recusandae',91,'Sapiente qui voluptatibus perferendis eum sint est cupiditate. Qui facilis aut id odit. Accusantium non inventore omnis eos quis.',144,44),(45,5,45,1,'numquam',59,'Omnis et quisquam ut nulla et. Similique sit illo officia explicabo dolorem. Distinctio consequatur commodi dignissimos enim est.',145,45),(46,6,46,2,'saepe',62,'Eum culpa reprehenderit reprehenderit odit doloremque. Qui rerum quisquam sunt quod molestiae doloribus. Ratione quisquam deserunt dolores et rem et ab. Sed ullam ea quo eum voluptates.',146,46),(47,7,47,2,'et',33,'Quis eveniet eum voluptatem occaecati. Ullam itaque totam ducimus maiores culpa. Sunt eum occaecati nesciunt velit et pariatur.',147,47),(48,8,48,1,'harum',21,'Perspiciatis facere similique quaerat nostrum nihil dolor. Eligendi id molestiae cumque ut necessitatibus doloribus laboriosam. Voluptas totam nihil et aut voluptatem aspernatur.',148,48),(49,9,49,1,'ut',56,'Deleniti quam libero inventore sed. Porro delectus eius aut asperiores reprehenderit quis velit. Sit quod blanditiis est est ut quia.',149,49),(50,10,50,2,'aspernatur',71,'Vel consequuntur temporibus enim nesciunt cumque. Incidunt et rerum et sed aliquid dolorum. Non fugiat incidunt molestias sint. Quam ut cum dolores modi.',150,50),(51,1,1,1,'voluptates',33,'Excepturi enim consequuntur pariatur eum quo ipsam. Quos aspernatur dolor error excepturi id libero praesentium enim.',151,51),(52,2,2,1,'distinctio',117,'Placeat non fuga ut ut optio. Impedit quaerat deserunt nihil. Qui earum voluptatem ut reiciendis eum repudiandae. Magni quae id nisi quo quibusdam praesentium. Et eligendi dolores occaecati.',152,52),(53,3,3,1,'unde',53,'Dolor illum iusto iure modi magnam eum. Aut qui sit omnis earum. Veniam tenetur corporis optio autem. Aliquam eaque dolores neque ab sint et amet.',153,53),(54,4,4,1,'commodi',43,'Voluptas itaque hic est architecto. Provident voluptatum occaecati quibusdam veritatis odio ab minima. Distinctio soluta alias voluptatem error veniam et tempore. Voluptatem tempore alias vero ex asperiores fuga quam.',154,54),(55,5,5,1,'quis',88,'Est laborum consequatur est enim nihil qui. Ipsum inventore est quasi soluta autem. Asperiores autem saepe cum voluptate dolorum in ullam molestiae. Corrupti iusto explicabo deserunt occaecati quia. Non totam nobis nostrum qui.',155,55),(56,6,6,2,'quae',96,'Fugit esse quam voluptatem sunt asperiores. Qui voluptas optio a est beatae laboriosam quae. Voluptas vel laboriosam nostrum et.',156,56),(57,7,7,2,'quis',49,'A id ad perferendis ea. Quia ut natus ut cum velit ut dolores. Consequatur at id qui doloremque.',157,57),(58,8,8,1,'doloremque',55,'Repellat at nesciunt sed voluptatum qui expedita quos. Et placeat et qui ut ratione unde magnam corporis. Enim quaerat incidunt sit velit optio quia nam.',158,58),(59,9,9,1,'officiis',58,'Eum at ducimus illum distinctio rerum rem. Tenetur ea sed quam sunt architecto quae. Amet recusandae aut blanditiis ut quos enim ut. Neque sunt quia possimus voluptatem qui tenetur molestiae.',159,59),(60,10,10,2,'quis',52,'Praesentium suscipit aliquam et aspernatur sed. Id ea sit sunt consequatur iste blanditiis dolorem cupiditate. Assumenda dolorem ut velit ratione voluptatem.',160,60),(61,1,11,1,'magni',99,'Officia eum necessitatibus dicta eum repellendus rerum. Cum dolorum voluptatem quasi voluptas aut nesciunt.',161,61),(62,2,12,1,'eum',35,'Nisi autem quae unde eius. Quae dolor corporis deserunt non. Saepe asperiores eveniet eos non facere reprehenderit itaque. Nemo reiciendis deleniti molestiae. Omnis est omnis sint ex aspernatur.',162,62),(63,3,13,1,'quaerat',69,'In autem et numquam earum consectetur. Laudantium ut perferendis quia ipsam quis quam molestiae et. Similique eos sit a maiores quisquam quis sunt. Nulla ipsa quia molestiae doloribus et sed voluptate.',163,63),(64,4,14,1,'laborum',108,'Omnis sapiente omnis animi quia molestias ipsum esse. Non itaque incidunt et.',164,64),(65,5,15,1,'et',105,'Rerum dolorem ipsum assumenda. Eveniet quam perferendis veniam ut corporis. Eius voluptatem qui rerum sint quia et ea sint.',165,65),(66,6,16,1,'sint',28,'Qui tenetur eos voluptas rerum atque. Ad vel eos dolor saepe consequuntur reiciendis explicabo.',166,66),(67,7,17,2,'illo',37,'Sit harum sunt aut possimus voluptates debitis distinctio vel. Et ducimus consequatur qui facilis. Quia maiores aliquam ex sed qui natus enim. Enim dolorem consequuntur nostrum delectus.',167,67),(68,8,18,2,'explicabo',60,'Nesciunt atque aut dicta atque et non. Quae inventore sed nostrum est. Voluptas animi eos nemo cupiditate. Et aut sequi in quibusdam beatae labore.',168,68),(69,9,19,1,'laboriosam',79,'Aliquam blanditiis quidem architecto sunt ab itaque aspernatur. Fugiat est unde unde expedita at. Similique dicta quibusdam eveniet est porro necessitatibus repellendus. Est at est corporis veniam iste ratione incidunt. Similique dolorum est laudantium iusto eaque non.',169,69),(70,10,20,1,'ut',43,'Quam ab porro architecto ipsam qui eaque. Nihil est et rerum optio voluptatem beatae. Animi aut deleniti nobis recusandae sint dignissimos quaerat. Eos quo sint ducimus est modi.',170,70),(71,1,21,2,'veritatis',40,'Dolor voluptate voluptatem sit dolor. Ut libero sint quaerat cupiditate. Mollitia enim similique assumenda molestiae.',171,71),(72,2,22,2,'consequatur',72,'Debitis ut et aliquam id nam numquam itaque deserunt. Assumenda quos nihil ut quae. Blanditiis molestiae deserunt at dolorem dolores.',172,72),(73,3,23,2,'illo',20,'Aut est vel cupiditate rerum quibusdam quia. Distinctio quaerat neque in et. Et similique consequatur minus saepe eum tenetur. Sunt accusamus distinctio eaque molestiae. Nobis id expedita et et quia.',173,73),(74,4,24,1,'nobis',47,'Accusantium eos voluptatem consequatur velit et quod dolores. Assumenda accusantium enim quisquam atque consequuntur. Praesentium officiis totam officiis voluptatum voluptate. Voluptates qui ullam laudantium.',174,74),(75,5,25,1,'doloribus',60,'Velit suscipit autem nemo non. Provident et voluptate veniam molestias et. Aut maxime ut consequuntur sit possimus dolor dolore. Ut nihil asperiores soluta et eos laboriosam ut minus.',175,75),(76,6,26,1,'iusto',113,'Perspiciatis dolorem eos voluptatem nihil praesentium et. Velit qui asperiores deserunt cumque sequi dolor necessitatibus. Dolores ratione ut maiores reprehenderit repudiandae id.',176,76),(77,7,27,2,'facere',41,'Velit nihil omnis sit officiis. Recusandae optio recusandae ut quisquam dolorem sit. Et dolor deleniti voluptas necessitatibus quasi id.',177,77),(78,8,28,2,'impedit',94,'Voluptatem minus aut cumque est et. Ad aut cum quia doloribus non. Ipsum aperiam impedit labore quo excepturi dignissimos provident.',178,78),(79,9,29,2,'architecto',90,'Recusandae odit odit quos ut et amet aspernatur nihil. Voluptatum assumenda perspiciatis dicta et et in voluptate.',179,79),(80,10,30,2,'suscipit',107,'Id eligendi sed nulla nostrum distinctio. Reprehenderit officiis nihil sed nulla ullam. Delectus error non error illo alias eligendi. Et modi quia optio nemo repellendus.',180,80),(81,1,31,1,'eligendi',87,'Pariatur maiores sed dolorum sit dolore porro. Numquam labore ullam et velit voluptate. Qui laudantium voluptatem molestias aperiam labore sed dolor.',181,81),(82,2,32,1,'sit',119,'Voluptatum unde animi blanditiis enim. Itaque placeat fuga totam dignissimos. Delectus ut molestiae dolore quis repellat consequatur rem. Atque dolore amet aliquid quo omnis.',182,82),(83,3,33,1,'et',73,'Repellat porro est incidunt omnis eos quidem vel. Quidem pariatur repudiandae soluta quis sequi veritatis. Ipsum enim ut soluta.',183,83),(84,4,34,2,'inventore',21,'Voluptates unde et molestias nemo recusandae in ratione. In dolorem debitis est optio voluptas tempora. Sunt fugit expedita consequatur sapiente nihil.',184,84),(85,5,35,2,'asperiores',90,'Quas impedit mollitia consequuntur eos velit. Accusamus ut blanditiis enim et culpa pariatur. Voluptate ipsum reiciendis amet et facilis reiciendis debitis. Reprehenderit aliquam eaque totam quia blanditiis mollitia tempore.',185,85),(86,6,36,1,'velit',79,'Officia esse quisquam mollitia reiciendis. Velit et labore quaerat autem similique ipsam ipsam. Est eaque dolores totam consequatur. Sed quis id maxime ut vel occaecati.',186,86),(87,7,37,2,'minus',52,'Veniam cum dignissimos repellat. Porro ducimus omnis dolorum fugiat nihil eum. Qui commodi id voluptatem placeat dolorem necessitatibus. Rerum iusto voluptatem maxime consequatur quisquam.',187,87),(88,8,38,2,'ab',22,'Ex officiis laboriosam beatae labore commodi architecto est. Rerum rerum et ipsam sed voluptatem rem. Maxime provident amet veniam nam.',188,88),(89,9,39,1,'perspiciatis',111,'Exercitationem quasi accusantium voluptatem. Eius nemo impedit voluptate explicabo ipsam iure. Consequatur quos fuga sed officiis aut. Dignissimos corrupti sunt earum ut harum. Corrupti culpa consequatur est mollitia illum cum voluptatem.',189,89),(90,10,40,2,'eaque',64,'Blanditiis commodi enim aut provident labore officiis illum. Tenetur quia dolorem laborum aut. Vel voluptas voluptates ut nisi corporis odit.',190,90),(91,1,41,1,'in',71,'Minima sequi laborum minus est porro esse. Totam sit tempore ut voluptatem earum ullam eum. Tempora sapiente et dolore nesciunt facere voluptas ducimus laboriosam.',191,91),(92,2,42,2,'beatae',25,'Natus velit exercitationem et dolore quo id. Fugiat perferendis dolor rerum dolorum optio ipsum inventore. Minima voluptatem est enim minima et maxime.',192,92),(93,3,43,2,'sunt',34,'Laboriosam recusandae voluptas quae vel. Veniam cupiditate consequatur laudantium et maxime sed. Quia pariatur ea sit architecto esse iusto blanditiis. Dolores ea fuga dolores soluta.',193,93),(94,4,44,1,'accusantium',73,'Architecto saepe quasi voluptatem aliquid dignissimos ut voluptatem qui. Rerum doloremque nulla aspernatur quam. Ea quod id qui voluptatem voluptatum quo.',194,94),(95,5,45,1,'dolorum',63,'A quos quo rerum nulla. Sed vitae nostrum assumenda alias nesciunt ducimus. Esse deserunt aliquid aut quas id. Id ab possimus dicta vel modi molestias.',195,95),(96,6,46,2,'modi',59,'Nobis expedita eos eaque quasi et iure dolores fugiat. Aut aspernatur earum consequatur odio sapiente vero sed. Hic perferendis provident consectetur voluptas dolores natus. Aut facere ut quia vel atque eos.',196,96),(97,7,47,2,'perspiciatis',62,'Sit similique unde soluta omnis. Sit debitis sint aut dignissimos ex. Dignissimos quisquam quia modi culpa. Quo officiis debitis commodi et aut eum id.',197,97),(98,8,48,2,'officiis',75,'Debitis natus asperiores suscipit. Consequatur ducimus sunt sit unde repellendus aliquam. Iusto omnis natus impedit at qui veritatis sit. Ex ut doloremque modi.',198,98),(99,9,49,1,'aut',83,'Corrupti eos perspiciatis omnis harum. Corporis omnis natus ab. Vero doloremque aspernatur voluptatem possimus quo voluptatem.',199,99),(100,10,50,1,'qui',118,'Et eum quo assumenda similique quod voluptatem maxime. Nobis est ipsam ea eligendi eius repellat ad.',200,100);


# 11. Рейтинги фильмов
DROP TABLE IF EXISTS film_ratings;
CREATE TABLE film_ratings(
	film_id BIGINT UNSIGNED NOT NULL,  -- id фильма
	user_id BIGINT UNSIGNED NOT NULL,  -- id пользователя поставившего оценку
	rating TINYINT UNSIGNED,  -- Оценка
	FOREIGN KEY (film_id) REFERENCES films(id),
	FOREIGN KEY (user_id) REFERENCES users(id)
);

INSERT INTO `film_ratings` VALUES (1,1,3),(2,2,4),(3,3,3),(4,4,5),(5,5,2),(6,6,4),(7,7,4),(8,8,5),(9,9,2),(10,10,4),(11,11,4),(12,12,2),(13,13,2),(14,14,3),(15,15,3),(16,16,3),(17,17,2),(18,18,4),(19,19,1),(20,20,2),(21,21,1),(22,22,3),(23,23,2),(24,24,1),(25,25,5),(26,26,1),(27,27,1),(28,28,4),(29,29,3),(30,30,2),(31,31,1),(32,32,1),(33,33,5),(34,34,4),(35,35,2),(36,36,4),(37,37,4),(38,38,3),(39,39,2),(40,40,1),(41,41,4),(42,42,4),(43,43,4),(44,44,1),(45,45,2),(46,46,1),(47,47,3),(48,48,4),(49,49,5),(50,50,5),(1,1,5),(2,2,2),(3,3,2),(4,4,2),(5,5,4),(6,6,5),(7,7,1),(8,8,4),(9,9,5),(10,10,3),(11,11,5),(12,12,1),(13,13,2),(14,14,1),(15,15,2),(16,16,2),(17,17,2),(18,18,1),(19,19,2),(20,20,2),(21,21,3),(22,22,5),(23,23,3),(24,24,1),(25,25,4),(26,26,1),(27,27,5),(28,28,1),(29,29,2),(30,30,2),(31,31,3),(32,32,5),(33,33,3),(34,34,4),(35,35,2),(36,36,5),(37,37,2),(38,38,2),(39,39,1),(40,40,2),(41,41,4),(42,42,3),(43,43,3),(44,44,5),(45,45,4),(46,46,4),(47,47,5),(48,48,5),(49,49,5),(50,50,3),(1,1,2),(2,2,5),(3,3,5),(4,4,2),(5,5,2),(6,6,5),(7,7,2),(8,8,1),(9,9,4),(10,10,5),(11,11,1),(12,12,4),(13,13,1),(14,14,2),(15,15,3),(16,16,4),(17,17,2),(18,18,2),(19,19,5),(20,20,1),(21,21,2),(22,22,2),(23,23,1),(24,24,5),(25,25,3),(26,26,2),(27,27,2),(28,28,1),(29,29,5),(30,30,2),(31,31,5),(32,32,2),(33,33,4),(34,34,2),(35,35,2),(36,36,1),(37,37,4),(38,38,4),(39,39,2),(40,40,2),(41,41,5),(42,42,4),(43,43,4),(44,44,2),(45,45,5),(46,46,1),(47,47,1),(48,48,4),(49,49,4),(50,50,3),(1,1,3),(2,2,4),(3,3,1),(4,4,4),(5,5,1),(6,6,4),(7,7,4),(8,8,4),(9,9,5),(10,10,3),(11,11,3),(12,12,2),(13,13,4),(14,14,2),(15,15,2),(16,16,1),(17,17,2),(18,18,1),(19,19,4),(20,20,4),(21,21,4),(22,22,4),(23,23,4),(24,24,5),(25,25,1),(26,26,5),(27,27,2),(28,28,4),(29,29,4),(30,30,4),(31,31,1),(32,32,2),(33,33,1),(34,34,2),(35,35,4),(36,36,1),(37,37,5),(38,38,2),(39,39,4),(40,40,1),(41,41,3),(42,42,3),(43,43,5),(44,44,5),(45,45,4),(46,46,4),(47,47,5),(48,48,2),(49,49,3),(50,50,2),(1,1,5),(2,2,5),(3,3,4),(4,4,1),(5,5,3),(6,6,3),(7,7,1),(8,8,4),(9,9,1),(10,10,3),(11,11,1),(12,12,2),(13,13,5),(14,14,5),(15,15,4),(16,16,2),(17,17,2),(18,18,2),(19,19,1),(20,20,5),(21,21,1),(22,22,5),(23,23,5),(24,24,5),(25,25,4),(26,26,1),(27,27,4),(28,28,3),(29,29,2),(30,30,2),(31,31,4),(32,32,4),(33,33,3),(34,34,4),(35,35,2),(36,36,4),(37,37,3),(38,38,5),(39,39,3),(40,40,5),(41,41,3),(42,42,3),(43,43,1),(44,44,4),(45,45,1),(46,46,2),(47,47,3),(48,48,5),(49,49,2),(50,50,4),(1,1,4),(2,2,4),(3,3,5),(4,4,1),(5,5,2),(6,6,5),(7,7,4),(8,8,2),(9,9,4),(10,10,2),(11,11,4),(12,12,4),(13,13,5),(14,14,2),(15,15,1),(16,16,2),(17,17,5),(18,18,3),(19,19,1),(20,20,3),(21,21,5),(22,22,2),(23,23,5),(24,24,3),(25,25,5),(26,26,4),(27,27,4),(28,28,4),(29,29,4),(30,30,3),(31,31,4),(32,32,3),(33,33,4),(34,34,5),(35,35,4),(36,36,4),(37,37,1),(38,38,5),(39,39,4),(40,40,4),(41,41,2),(42,42,4),(43,43,2),(44,44,4),(45,45,2),(46,46,5),(47,47,3),(48,48,2),(49,49,1),(50,50,2),(1,1,4),(2,2,1),(3,3,1),(4,4,5),(5,5,3),(6,6,5),(7,7,5),(8,8,3),(9,9,1),(10,10,2),(11,11,4),(12,12,3),(13,13,3),(14,14,2),(15,15,1),(16,16,5),(17,17,2),(18,18,1),(19,19,3),(20,20,5),(21,21,1),(22,22,3),(23,23,1),(24,24,3),(25,25,2),(26,26,1),(27,27,2),(28,28,3),(29,29,3),(30,30,3),(31,31,5),(32,32,4),(33,33,4),(34,34,5),(35,35,2),(36,36,2),(37,37,4),(38,38,1),(39,39,2),(40,40,3),(41,41,4),(42,42,1),(43,43,3),(44,44,5),(45,45,4),(46,46,2),(47,47,3),(48,48,1),(49,49,5),(50,50,5),(1,1,1),(2,2,4),(3,3,3),(4,4,3),(5,5,2),(6,6,4),(7,7,1),(8,8,1),(9,9,3),(10,10,4),(11,11,1),(12,12,2),(13,13,4),(14,14,5),(15,15,2),(16,16,2),(17,17,2),(18,18,4),(19,19,5),(20,20,2),(21,21,2),(22,22,4),(23,23,4),(24,24,4),(25,25,4),(26,26,1),(27,27,5),(28,28,5),(29,29,2),(30,30,1),(31,31,4),(32,32,5),(33,33,1),(34,34,3),(35,35,5),(36,36,5),(37,37,5),(38,38,2),(39,39,4),(40,40,3),(41,41,2),(42,42,2),(43,43,3),(44,44,3),(45,45,2),(46,46,5),(47,47,3),(48,48,1),(49,49,1),(50,50,3),(1,1,4),(2,2,4),(3,3,4),(4,4,3),(5,5,4),(6,6,1),(7,7,3),(8,8,5),(9,9,4),(10,10,5),(11,11,5),(12,12,5),(13,13,4),(14,14,1),(15,15,2),(16,16,1),(17,17,5),(18,18,5),(19,19,3),(20,20,1),(21,21,5),(22,22,1),(23,23,5),(24,24,4),(25,25,1),(26,26,2),(27,27,4),(28,28,3),(29,29,1),(30,30,2),(31,31,4),(32,32,5),(33,33,4),(34,34,4),(35,35,2),(36,36,3),(37,37,4),(38,38,3),(39,39,1),(40,40,3),(41,41,1),(42,42,3),(43,43,5),(44,44,5),(45,45,1),(46,46,3),(47,47,5),(48,48,1),(49,49,3),(50,50,3),(1,1,1),(2,2,3),(3,3,5),(4,4,3),(5,5,5),(6,6,3),(7,7,3),(8,8,2),(9,9,5),(10,10,4),(11,11,1),(12,12,5),(13,13,5),(14,14,3),(15,15,3),(16,16,2),(17,17,3),(18,18,2),(19,19,4),(20,20,4),(21,21,1),(22,22,2),(23,23,4),(24,24,3),(25,25,5),(26,26,5),(27,27,1),(28,28,5),(29,29,2),(30,30,5),(31,31,2),(32,32,1),(33,33,1),(34,34,4),(35,35,4),(36,36,2),(37,37,1),(38,38,2),(39,39,3),(40,40,3),(41,41,5),(42,42,4),(43,43,2),(44,44,3),(45,45,2),(46,46,5),(47,47,2),(48,48,4),(49,49,2),(50,50,2),(1,1,1),(2,2,1),(3,3,3),(4,4,2),(5,5,3),(6,6,1),(7,7,5),(8,8,3),(9,9,2),(10,10,2),(11,11,1),(12,12,2),(13,13,4),(14,14,1),(15,15,4),(16,16,1),(17,17,4),(18,18,2),(19,19,5),(20,20,5),(21,21,4),(22,22,1),(23,23,5),(24,24,2),(25,25,5),(26,26,5),(27,27,3),(28,28,2),(29,29,5),(30,30,5),(31,31,2),(32,32,1),(33,33,3),(34,34,3),(35,35,5),(36,36,1),(37,37,3),(38,38,2),(39,39,3),(40,40,4),(41,41,3),(42,42,2),(43,43,5),(44,44,3),(45,45,2),(46,46,5),(47,47,3),(48,48,5),(49,49,2),(50,50,3),(1,1,3),(2,2,1),(3,3,2),(4,4,4),(5,5,2),(6,6,4),(7,7,3),(8,8,1),(9,9,3),(10,10,3),(11,11,5),(12,12,5),(13,13,4),(14,14,1),(15,15,3),(16,16,3),(17,17,4),(18,18,2),(19,19,1),(20,20,4),(21,21,2),(22,22,1),(23,23,1),(24,24,4),(25,25,4),(26,26,5),(27,27,5),(28,28,4),(29,29,4),(30,30,3),(31,31,1),(32,32,3),(33,33,5),(34,34,3),(35,35,5),(36,36,3),(37,37,4),(38,38,1),(39,39,1),(40,40,2),(41,41,5),(42,42,4),(43,43,5),(44,44,4),(45,45,2),(46,46,2),(47,47,1),(48,48,1),(49,49,1),(50,50,2),(1,1,1),(2,2,1),(3,3,3),(4,4,5),(5,5,1),(6,6,5),(7,7,3),(8,8,5),(9,9,3),(10,10,2),(11,11,3),(12,12,5),(13,13,5),(14,14,5),(15,15,4),(16,16,5),(17,17,1),(18,18,5),(19,19,5),(20,20,4),(21,21,3),(22,22,4),(23,23,2),(24,24,3),(25,25,2),(26,26,3),(27,27,2),(28,28,4),(29,29,5),(30,30,4),(31,31,3),(32,32,4),(33,33,3),(34,34,5),(35,35,5),(36,36,4),(37,37,4),(38,38,2),(39,39,4),(40,40,4),(41,41,2),(42,42,5),(43,43,1),(44,44,1),(45,45,3),(46,46,1),(47,47,2),(48,48,3),(49,49,2),(50,50,4),(1,1,2),(2,2,3),(3,3,1),(4,4,2),(5,5,4),(6,6,1),(7,7,3),(8,8,4),(9,9,5),(10,10,1),(11,11,1),(12,12,4),(13,13,3),(14,14,5),(15,15,2),(16,16,1),(17,17,5),(18,18,1),(19,19,4),(20,20,4),(21,21,5),(22,22,3),(23,23,2),(24,24,4),(25,25,3),(26,26,1),(27,27,3),(28,28,2),(29,29,2),(30,30,5),(31,31,1),(32,32,3),(33,33,1),(34,34,4),(35,35,2),(36,36,4),(37,37,4),(38,38,5),(39,39,3),(40,40,1),(41,41,3),(42,42,4),(43,43,4),(44,44,5),(45,45,1),(46,46,4),(47,47,3),(48,48,3),(49,49,5),(50,50,3),(1,1,3),(2,2,4),(3,3,3),(4,4,2),(5,5,4),(6,6,5),(7,7,3),(8,8,3),(9,9,1),(10,10,3),(11,11,4),(12,12,1),(13,13,1),(14,14,4),(15,15,3),(16,16,2),(17,17,4),(18,18,1),(19,19,1),(20,20,5),(21,21,3),(22,22,1),(23,23,3),(24,24,4),(25,25,2),(26,26,1),(27,27,1),(28,28,1),(29,29,3),(30,30,4),(31,31,4),(32,32,3),(33,33,1),(34,34,4),(35,35,5),(36,36,5),(37,37,3),(38,38,1),(39,39,2),(40,40,1),(41,41,5),(42,42,4),(43,43,5),(44,44,1),(45,45,5),(46,46,4),(47,47,3),(48,48,5),(49,49,3),(50,50,5),(1,1,2),(2,2,5),(3,3,5),(4,4,5),(5,5,1),(6,6,2),(7,7,4),(8,8,4),(9,9,2),(10,10,2),(11,11,5),(12,12,2),(13,13,5),(14,14,1),(15,15,3),(16,16,5),(17,17,5),(18,18,2),(19,19,4),(20,20,4),(21,21,2),(22,22,2),(23,23,3),(24,24,2),(25,25,1),(26,26,1),(27,27,2),(28,28,1),(29,29,5),(30,30,5),(31,31,4),(32,32,4),(33,33,2),(34,34,4),(35,35,3),(36,36,4),(37,37,1),(38,38,4),(39,39,3),(40,40,4),(41,41,4),(42,42,3),(43,43,2),(44,44,3),(45,45,2),(46,46,4),(47,47,2),(48,48,4),(49,49,3),(50,50,1),(1,1,4),(2,2,4),(3,3,4),(4,4,2),(5,5,4),(6,6,1),(7,7,5),(8,8,5),(9,9,5),(10,10,2),(11,11,2),(12,12,1),(13,13,5),(14,14,4),(15,15,4),(16,16,1),(17,17,4),(18,18,1),(19,19,3),(20,20,4),(21,21,5),(22,22,2),(23,23,3),(24,24,1),(25,25,1),(26,26,3),(27,27,3),(28,28,1),(29,29,4),(30,30,3),(31,31,2),(32,32,3),(33,33,1),(34,34,4),(35,35,5),(36,36,3),(37,37,4),(38,38,5),(39,39,4),(40,40,3),(41,41,5),(42,42,4),(43,43,2),(44,44,3),(45,45,4),(46,46,2),(47,47,1),(48,48,3),(49,49,2),(50,50,2),(1,1,5),(2,2,1),(3,3,4),(4,4,1),(5,5,5),(6,6,4),(7,7,4),(8,8,1),(9,9,2),(10,10,3),(11,11,4),(12,12,1),(13,13,3),(14,14,4),(15,15,1),(16,16,3),(17,17,3),(18,18,4),(19,19,1),(20,20,5),(21,21,2),(22,22,5),(23,23,1),(24,24,5),(25,25,5),(26,26,4),(27,27,1),(28,28,4),(29,29,2),(30,30,1),(31,31,1),(32,32,3),(33,33,4),(34,34,4),(35,35,2),(36,36,4),(37,37,5),(38,38,2),(39,39,3),(40,40,2),(41,41,4),(42,42,1),(43,43,3),(44,44,4),(45,45,2),(46,46,3),(47,47,2),(48,48,2),(49,49,5),(50,50,1),(1,1,4),(2,2,2),(3,3,4),(4,4,1),(5,5,3),(6,6,3),(7,7,1),(8,8,1),(9,9,5),(10,10,2),(11,11,1),(12,12,5),(13,13,2),(14,14,2),(15,15,4),(16,16,1),(17,17,1),(18,18,2),(19,19,5),(20,20,3),(21,21,3),(22,22,5),(23,23,1),(24,24,4),(25,25,4),(26,26,4),(27,27,5),(28,28,1),(29,29,3),(30,30,4),(31,31,5),(32,32,5),(33,33,2),(34,34,3),(35,35,5),(36,36,3),(37,37,4),(38,38,2),(39,39,1),(40,40,3),(41,41,5),(42,42,5),(43,43,2),(44,44,5),(45,45,5),(46,46,3),(47,47,2),(48,48,2),(49,49,1),(50,50,3),(1,1,4),(2,2,4),(3,3,4),(4,4,3),(5,5,3),(6,6,4),(7,7,1),(8,8,3),(9,9,2),(10,10,3),(11,11,1),(12,12,5),(13,13,3),(14,14,3),(15,15,5),(16,16,3),(17,17,5),(18,18,2),(19,19,2),(20,20,1),(21,21,3),(22,22,1),(23,23,4),(24,24,5),(25,25,5),(26,26,5),(27,27,5),(28,28,1),(29,29,2),(30,30,1),(31,31,4),(32,32,1),(33,33,4),(34,34,5),(35,35,5),(36,36,5),(37,37,5),(38,38,4),(39,39,2),(40,40,1),(41,41,4),(42,42,3),(43,43,4),(44,44,5),(45,45,3),(46,46,1),(47,47,1),(48,48,2),(49,49,1),(50,50,5),(1,1,3),(2,2,1),(3,3,2),(4,4,3),(5,5,3),(6,6,4),(7,7,4),(8,8,2),(9,9,2),(10,10,3),(11,11,3),(12,12,4),(13,13,5),(14,14,4),(15,15,1),(16,16,1),(17,17,3),(18,18,3),(19,19,5),(20,20,1),(21,21,4),(22,22,1),(23,23,4),(24,24,4),(25,25,3),(26,26,3),(27,27,2),(28,28,1),(29,29,5),(30,30,3),(31,31,3),(32,32,5),(33,33,3),(34,34,1),(35,35,2),(36,36,2),(37,37,4),(38,38,2),(39,39,5),(40,40,1),(41,41,5),(42,42,4),(43,43,3),(44,44,1),(45,45,3),(46,46,4),(47,47,1),(48,48,5),(49,49,2),(50,50,4),(1,1,2),(2,2,3),(3,3,2),(4,4,3),(5,5,4),(6,6,2),(7,7,2),(8,8,3),(9,9,4),(10,10,3),(11,11,1),(12,12,5),(13,13,4),(14,14,1),(15,15,4),(16,16,3),(17,17,3),(18,18,1),(19,19,1),(20,20,3),(21,21,2),(22,22,2),(23,23,1),(24,24,1),(25,25,4),(26,26,5),(27,27,4),(28,28,4),(29,29,3),(30,30,4),(31,31,1),(32,32,5),(33,33,3),(34,34,5),(35,35,1),(36,36,1),(37,37,4),(38,38,1),(39,39,2),(40,40,5),(41,41,2),(42,42,5),(43,43,3),(44,44,4),(45,45,1),(46,46,5),(47,47,3),(48,48,1),(49,49,2),(50,50,5),(1,1,2),(2,2,4),(3,3,3),(4,4,1),(5,5,2),(6,6,2),(7,7,1),(8,8,2),(9,9,3),(10,10,1),(11,11,3),(12,12,4),(13,13,5),(14,14,5),(15,15,1),(16,16,3),(17,17,1),(18,18,1),(19,19,3),(20,20,3),(21,21,3),(22,22,4),(23,23,4),(24,24,1),(25,25,5),(26,26,1),(27,27,2),(28,28,1),(29,29,1),(30,30,1),(31,31,2),(32,32,4),(33,33,3),(34,34,3),(35,35,2),(36,36,2),(37,37,3),(38,38,2),(39,39,2),(40,40,3),(41,41,3),(42,42,5),(43,43,1),(44,44,4),(45,45,3),(46,46,1),(47,47,2),(48,48,4),(49,49,2),(50,50,5),(1,1,1),(2,2,3),(3,3,2),(4,4,4),(5,5,2),(6,6,3),(7,7,5),(8,8,2),(9,9,4),(10,10,3),(11,11,1),(12,12,4),(13,13,4),(14,14,2),(15,15,2),(16,16,2),(17,17,3),(18,18,1),(19,19,3),(20,20,4),(21,21,1),(22,22,2),(23,23,1),(24,24,2),(25,25,4),(26,26,1),(27,27,5),(28,28,2),(29,29,5),(30,30,5),(31,31,1),(32,32,1),(33,33,1),(34,34,4),(35,35,2),(36,36,2),(37,37,1),(38,38,1),(39,39,1),(40,40,5),(41,41,1),(42,42,2),(43,43,3),(44,44,4),(45,45,5),(46,46,2),(47,47,3),(48,48,3),(49,49,3),(50,50,1),(1,1,3),(2,2,2),(3,3,5),(4,4,5),(5,5,4),(6,6,5),(7,7,3),(8,8,3),(9,9,3),(10,10,4),(11,11,2),(12,12,4),(13,13,1),(14,14,5),(15,15,2),(16,16,3),(17,17,1),(18,18,4),(19,19,4),(20,20,2),(21,21,1),(22,22,5),(23,23,3),(24,24,5),(25,25,4),(26,26,3),(27,27,3),(28,28,1),(29,29,3),(30,30,4),(31,31,5),(32,32,4),(33,33,4),(34,34,3),(35,35,2),(36,36,3),(37,37,3),(38,38,3),(39,39,2),(40,40,4),(41,41,4),(42,42,3),(43,43,2),(44,44,5),(45,45,4),(46,46,4),(47,47,4),(48,48,3),(49,49,4),(50,50,1),(1,1,1),(2,2,3),(3,3,3),(4,4,3),(5,5,5),(6,6,1),(7,7,5),(8,8,1),(9,9,2),(10,10,2),(11,11,2),(12,12,5),(13,13,2),(14,14,2),(15,15,3),(16,16,4),(17,17,1),(18,18,5),(19,19,4),(20,20,5),(21,21,4),(22,22,4),(23,23,2),(24,24,1),(25,25,1),(26,26,3),(27,27,1),(28,28,1),(29,29,5),(30,30,5),(31,31,3),(32,32,5),(33,33,3),(34,34,3),(35,35,5),(36,36,1),(37,37,3),(38,38,4),(39,39,2),(40,40,5),(41,41,2),(42,42,3),(43,43,2),(44,44,3),(45,45,4),(46,46,1),(47,47,3),(48,48,4),(49,49,4),(50,50,2),(1,1,2),(2,2,1),(3,3,1),(4,4,2),(5,5,5),(6,6,2),(7,7,3),(8,8,4),(9,9,1),(10,10,1),(11,11,1),(12,12,1),(13,13,3),(14,14,4),(15,15,5),(16,16,4),(17,17,1),(18,18,4),(19,19,5),(20,20,3),(21,21,2),(22,22,3),(23,23,2),(24,24,4),(25,25,3),(26,26,5),(27,27,2),(28,28,4),(29,29,5),(30,30,1),(31,31,2),(32,32,2),(33,33,3),(34,34,5),(35,35,1),(36,36,2),(37,37,1),(38,38,2),(39,39,3),(40,40,4),(41,41,2),(42,42,4),(43,43,2),(44,44,4),(45,45,4),(46,46,5),(47,47,1),(48,48,2),(49,49,1),(50,50,4),(1,1,4),(2,2,5),(3,3,1),(4,4,3),(5,5,2),(6,6,5),(7,7,4),(8,8,2),(9,9,3),(10,10,3),(11,11,1),(12,12,1),(13,13,4),(14,14,5),(15,15,3),(16,16,4),(17,17,4),(18,18,2),(19,19,5),(20,20,4),(21,21,2),(22,22,2),(23,23,3),(24,24,4),(25,25,4),(26,26,5),(27,27,5),(28,28,5),(29,29,1),(30,30,5),(31,31,1),(32,32,3),(33,33,4),(34,34,4),(35,35,3),(36,36,3),(37,37,4),(38,38,5),(39,39,3),(40,40,2),(41,41,4),(42,42,1),(43,43,1),(44,44,1),(45,45,5),(46,46,3),(47,47,5),(48,48,2),(49,49,1),(50,50,3),(1,1,1),(2,2,2),(3,3,5),(4,4,3),(5,5,4),(6,6,2),(7,7,1),(8,8,4),(9,9,3),(10,10,2),(11,11,4),(12,12,1),(13,13,5),(14,14,4),(15,15,3),(16,16,3),(17,17,2),(18,18,3),(19,19,5),(20,20,3),(21,21,4),(22,22,1),(23,23,5),(24,24,1),(25,25,4),(26,26,2),(27,27,5),(28,28,2),(29,29,1),(30,30,3),(31,31,5),(32,32,1),(33,33,3),(34,34,3),(35,35,3),(36,36,3),(37,37,3),(38,38,2),(39,39,2),(40,40,4),(41,41,5),(42,42,3),(43,43,1),(44,44,1),(45,45,2),(46,46,5),(47,47,1),(48,48,4),(49,49,2),(50,50,2),(1,1,1),(2,2,3),(3,3,5),(4,4,1),(5,5,4),(6,6,4),(7,7,4),(8,8,1),(9,9,4),(10,10,1),(11,11,2),(12,12,5),(13,13,1),(14,14,5),(15,15,5),(16,16,4),(17,17,2),(18,18,5),(19,19,3),(20,20,3),(21,21,3),(22,22,1),(23,23,1),(24,24,3),(25,25,1),(26,26,1),(27,27,5),(28,28,2),(29,29,1),(30,30,2),(31,31,2),(32,32,3),(33,33,4),(34,34,5),(35,35,3),(36,36,1),(37,37,2),(38,38,5),(39,39,3),(40,40,1),(41,41,2),(42,42,5),(43,43,1),(44,44,1),(45,45,3),(46,46,2),(47,47,2),(48,48,4),(49,49,5),(50,50,3),(1,1,4),(2,2,3),(3,3,3),(4,4,2),(5,5,1),(6,6,4),(7,7,2),(8,8,4),(9,9,2),(10,10,4),(11,11,2),(12,12,5),(13,13,5),(14,14,3),(15,15,2),(16,16,4),(17,17,4),(18,18,3),(19,19,5),(20,20,4),(21,21,1),(22,22,3),(23,23,5),(24,24,3),(25,25,1),(26,26,4),(27,27,5),(28,28,2),(29,29,3),(30,30,1),(31,31,5),(32,32,1),(33,33,2),(34,34,5),(35,35,1),(36,36,1),(37,37,2),(38,38,4),(39,39,4),(40,40,2),(41,41,5),(42,42,3),(43,43,4),(44,44,2),(45,45,1),(46,46,2),(47,47,2),(48,48,4),(49,49,4),(50,50,1),(1,1,4),(2,2,3),(3,3,3),(4,4,3),(5,5,2),(6,6,2),(7,7,3),(8,8,5),(9,9,2),(10,10,2),(11,11,4),(12,12,5),(13,13,4),(14,14,5),(15,15,1),(16,16,5),(17,17,5),(18,18,4),(19,19,1),(20,20,1),(21,21,3),(22,22,5),(23,23,5),(24,24,5),(25,25,3),(26,26,2),(27,27,5),(28,28,2),(29,29,1),(30,30,1),(31,31,3),(32,32,2),(33,33,3),(34,34,2),(35,35,2),(36,36,4),(37,37,2),(38,38,2),(39,39,4),(40,40,3),(41,41,4),(42,42,4),(43,43,4),(44,44,2),(45,45,3),(46,46,1),(47,47,3),(48,48,3),(49,49,4),(50,50,5),(1,1,1),(2,2,3),(3,3,4),(4,4,1),(5,5,3),(6,6,5),(7,7,3),(8,8,5),(9,9,2),(10,10,3),(11,11,4),(12,12,2),(13,13,4),(14,14,4),(15,15,5),(16,16,1),(17,17,1),(18,18,2),(19,19,5),(20,20,5),(21,21,1),(22,22,3),(23,23,5),(24,24,1),(25,25,5),(26,26,5),(27,27,3),(28,28,3),(29,29,5),(30,30,2),(31,31,3),(32,32,2),(33,33,2),(34,34,5),(35,35,3),(36,36,3),(37,37,4),(38,38,5),(39,39,5),(40,40,2),(41,41,4),(42,42,3),(43,43,5),(44,44,5),(45,45,1),(46,46,5),(47,47,5),(48,48,3),(49,49,5),(50,50,1),(1,1,1),(2,2,2),(3,3,3),(4,4,4),(5,5,4),(6,6,1),(7,7,4),(8,8,4),(9,9,3),(10,10,2),(11,11,1),(12,12,3),(13,13,4),(14,14,1),(15,15,4),(16,16,5),(17,17,3),(18,18,1),(19,19,1),(20,20,2),(21,21,5),(22,22,5),(23,23,1),(24,24,4),(25,25,2),(26,26,3),(27,27,1),(28,28,4),(29,29,4),(30,30,1),(31,31,4),(32,32,3),(33,33,5),(34,34,2),(35,35,5),(36,36,4),(37,37,2),(38,38,2),(39,39,3),(40,40,4),(41,41,5),(42,42,4),(43,43,1),(44,44,4),(45,45,5),(46,46,3),(47,47,1),(48,48,4),(49,49,5),(50,50,4),(1,1,2),(2,2,3),(3,3,5),(4,4,2),(5,5,5),(6,6,2),(7,7,4),(8,8,4),(9,9,3),(10,10,5),(11,11,4),(12,12,2),(13,13,2),(14,14,5),(15,15,1),(16,16,2),(17,17,5),(18,18,3),(19,19,1),(20,20,1),(21,21,4),(22,22,1),(23,23,1),(24,24,3),(25,25,5),(26,26,3),(27,27,5),(28,28,3),(29,29,3),(30,30,3),(31,31,4),(32,32,3),(33,33,5),(34,34,1),(35,35,1),(36,36,1),(37,37,5),(38,38,2),(39,39,4),(40,40,2),(41,41,4),(42,42,4),(43,43,3),(44,44,4),(45,45,5),(46,46,5),(47,47,5),(48,48,5),(49,49,2),(50,50,1),(1,1,2),(2,2,1),(3,3,4),(4,4,4),(5,5,3),(6,6,1),(7,7,1),(8,8,3),(9,9,4),(10,10,2),(11,11,5),(12,12,4),(13,13,4),(14,14,1),(15,15,2),(16,16,1),(17,17,2),(18,18,4),(19,19,5),(20,20,2),(21,21,4),(22,22,4),(23,23,5),(24,24,5),(25,25,5),(26,26,3),(27,27,3),(28,28,1),(29,29,4),(30,30,3),(31,31,2),(32,32,5),(33,33,1),(34,34,3),(35,35,4),(36,36,4),(37,37,2),(38,38,3),(39,39,5),(40,40,1),(41,41,3),(42,42,3),(43,43,2),(44,44,5),(45,45,2),(46,46,2),(47,47,5),(48,48,1),(49,49,5),(50,50,3),(1,1,2),(2,2,2),(3,3,4),(4,4,3),(5,5,4),(6,6,1),(7,7,4),(8,8,1),(9,9,5),(10,10,4),(11,11,4),(12,12,4),(13,13,1),(14,14,2),(15,15,5),(16,16,5),(17,17,2),(18,18,4),(19,19,5),(20,20,2),(21,21,1),(22,22,3),(23,23,1),(24,24,3),(25,25,5),(26,26,3),(27,27,1),(28,28,5),(29,29,2),(30,30,2),(31,31,4),(32,32,2),(33,33,3),(34,34,1),(35,35,3),(36,36,1),(37,37,5),(38,38,4),(39,39,4),(40,40,3),(41,41,5),(42,42,5),(43,43,1),(44,44,2),(45,45,5),(46,46,4),(47,47,5),(48,48,2),(49,49,3),(50,50,5),(1,1,1),(2,2,1),(3,3,3),(4,4,1),(5,5,5),(6,6,2),(7,7,5),(8,8,2),(9,9,4),(10,10,1),(11,11,4),(12,12,5),(13,13,5),(14,14,5),(15,15,3),(16,16,3),(17,17,2),(18,18,3),(19,19,5),(20,20,1),(21,21,2),(22,22,2),(23,23,5),(24,24,5),(25,25,1),(26,26,4),(27,27,5),(28,28,3),(29,29,5),(30,30,2),(31,31,5),(32,32,3),(33,33,3),(34,34,5),(35,35,5),(36,36,3),(37,37,3),(38,38,1),(39,39,3),(40,40,2),(41,41,2),(42,42,4),(43,43,5),(44,44,2),(45,45,1),(46,46,5),(47,47,5),(48,48,2),(49,49,3),(50,50,3),(1,1,5),(2,2,3),(3,3,4),(4,4,2),(5,5,1),(6,6,1),(7,7,5),(8,8,2),(9,9,1),(10,10,4),(11,11,2),(12,12,4),(13,13,2),(14,14,4),(15,15,3),(16,16,5),(17,17,1),(18,18,3),(19,19,2),(20,20,1),(21,21,2),(22,22,1),(23,23,3),(24,24,1),(25,25,1),(26,26,1),(27,27,5),(28,28,1),(29,29,2),(30,30,3),(31,31,2),(32,32,1),(33,33,3),(34,34,1),(35,35,5),(36,36,2),(37,37,3),(38,38,1),(39,39,5),(40,40,5),(41,41,1),(42,42,4),(43,43,5),(44,44,3),(45,45,3),(46,46,2),(47,47,5),(48,48,4),(49,49,3),(50,50,5),(1,1,1),(2,2,3),(3,3,4),(4,4,2),(5,5,3),(6,6,2),(7,7,1),(8,8,2),(9,9,2),(10,10,5),(11,11,3),(12,12,1),(13,13,2),(14,14,1),(15,15,3),(16,16,4),(17,17,3),(18,18,1),(19,19,1),(20,20,3),(21,21,2),(22,22,1),(23,23,4),(24,24,1),(25,25,5),(26,26,4),(27,27,4),(28,28,2),(29,29,4),(30,30,3),(31,31,5),(32,32,2),(33,33,2),(34,34,1),(35,35,4),(36,36,2),(37,37,1),(38,38,4),(39,39,2),(40,40,3),(41,41,2),(42,42,3),(43,43,2),(44,44,1),(45,45,1),(46,46,1),(47,47,1),(48,48,1),(49,49,4),(50,50,1),(1,1,5),(2,2,2),(3,3,5),(4,4,2),(5,5,3),(6,6,2),(7,7,4),(8,8,3),(9,9,2),(10,10,2),(11,11,4),(12,12,3),(13,13,5),(14,14,2),(15,15,2),(16,16,3),(17,17,3),(18,18,3),(19,19,3),(20,20,4),(21,21,4),(22,22,1),(23,23,2),(24,24,1),(25,25,1),(26,26,5),(27,27,4),(28,28,3),(29,29,5),(30,30,5),(31,31,4),(32,32,4),(33,33,2),(34,34,4),(35,35,5),(36,36,4),(37,37,1),(38,38,3),(39,39,1),(40,40,1),(41,41,5),(42,42,5),(43,43,5),(44,44,3),(45,45,2),(46,46,4),(47,47,4),(48,48,5),(49,49,4),(50,50,4),(1,1,3),(2,2,3),(3,3,3),(4,4,5),(5,5,3),(6,6,4),(7,7,2),(8,8,4),(9,9,1),(10,10,5),(11,11,1),(12,12,3),(13,13,1),(14,14,5),(15,15,5),(16,16,5),(17,17,5),(18,18,3),(19,19,4),(20,20,4),(21,21,4),(22,22,5),(23,23,5),(24,24,1),(25,25,3),(26,26,4),(27,27,3),(28,28,4),(29,29,1),(30,30,4),(31,31,4),(32,32,3),(33,33,1),(34,34,4),(35,35,5),(36,36,5),(37,37,3),(38,38,3),(39,39,4),(40,40,5),(41,41,2),(42,42,4),(43,43,4),(44,44,5),(45,45,4),(46,46,1),(47,47,3),(48,48,2),(49,49,2),(50,50,5),(1,1,4),(2,2,5),(3,3,4),(4,4,1),(5,5,5),(6,6,5),(7,7,5),(8,8,5),(9,9,2),(10,10,1),(11,11,5),(12,12,3),(13,13,2),(14,14,4),(15,15,2),(16,16,5),(17,17,4),(18,18,3),(19,19,5),(20,20,1),(21,21,1),(22,22,1),(23,23,5),(24,24,1),(25,25,3),(26,26,2),(27,27,1),(28,28,5),(29,29,2),(30,30,2),(31,31,5),(32,32,3),(33,33,1),(34,34,4),(35,35,4),(36,36,5),(37,37,2),(38,38,5),(39,39,1),(40,40,1),(41,41,1),(42,42,2),(43,43,2),(44,44,5),(45,45,1),(46,46,1),(47,47,1),(48,48,2),(49,49,2),(50,50,3),(1,1,5),(2,2,2),(3,3,2),(4,4,2),(5,5,5),(6,6,5),(7,7,5),(8,8,1),(9,9,4),(10,10,4),(11,11,3),(12,12,4),(13,13,2),(14,14,3),(15,15,1),(16,16,2),(17,17,5),(18,18,4),(19,19,1),(20,20,1),(21,21,3),(22,22,3),(23,23,2),(24,24,3),(25,25,4),(26,26,2),(27,27,4),(28,28,4),(29,29,1),(30,30,1),(31,31,3),(32,32,3),(33,33,4),(34,34,4),(35,35,3),(36,36,4),(37,37,1),(38,38,5),(39,39,1),(40,40,4),(41,41,1),(42,42,3),(43,43,5),(44,44,4),(45,45,4),(46,46,1),(47,47,2),(48,48,1),(49,49,2),(50,50,3),(1,1,3),(2,2,2),(3,3,2),(4,4,2),(5,5,2),(6,6,4),(7,7,3),(8,8,3),(9,9,3),(10,10,1),(11,11,1),(12,12,2),(13,13,3),(14,14,2),(15,15,3),(16,16,2),(17,17,3),(18,18,1),(19,19,3),(20,20,4),(21,21,4),(22,22,4),(23,23,2),(24,24,2),(25,25,4),(26,26,5),(27,27,1),(28,28,3),(29,29,3),(30,30,4),(31,31,5),(32,32,2),(33,33,3),(34,34,4),(35,35,3),(36,36,4),(37,37,5),(38,38,2),(39,39,1),(40,40,4),(41,41,2),(42,42,3),(43,43,2),(44,44,4),(45,45,3),(46,46,1),(47,47,3),(48,48,4),(49,49,3),(50,50,1),(1,1,1),(2,2,2),(3,3,1),(4,4,1),(5,5,2),(6,6,2),(7,7,3),(8,8,4),(9,9,4),(10,10,4),(11,11,3),(12,12,1),(13,13,1),(14,14,1),(15,15,4),(16,16,1),(17,17,3),(18,18,1),(19,19,2),(20,20,5),(21,21,3),(22,22,3),(23,23,2),(24,24,5),(25,25,5),(26,26,5),(27,27,3),(28,28,2),(29,29,5),(30,30,3),(31,31,3),(32,32,1),(33,33,5),(34,34,2),(35,35,3),(36,36,3),(37,37,2),(38,38,2),(39,39,1),(40,40,1),(41,41,3),(42,42,3),(43,43,2),(44,44,2),(45,45,3),(46,46,4),(47,47,4),(48,48,2),(49,49,2),(50,50,2),(1,1,4),(2,2,5),(3,3,1),(4,4,2),(5,5,3),(6,6,4),(7,7,1),(8,8,2),(9,9,3),(10,10,2),(11,11,5),(12,12,4),(13,13,1),(14,14,5),(15,15,4),(16,16,5),(17,17,3),(18,18,2),(19,19,5),(20,20,4),(21,21,1),(22,22,2),(23,23,3),(24,24,1),(25,25,2),(26,26,4),(27,27,5),(28,28,1),(29,29,1),(30,30,4),(31,31,5),(32,32,4),(33,33,2),(34,34,2),(35,35,4),(36,36,2),(37,37,2),(38,38,5),(39,39,1),(40,40,4),(41,41,1),(42,42,2),(43,43,1),(44,44,3),(45,45,1),(46,46,3),(47,47,5),(48,48,2),(49,49,5),(50,50,2),(1,1,5),(2,2,3),(3,3,1),(4,4,4),(5,5,3),(6,6,2),(7,7,5),(8,8,3),(9,9,2),(10,10,2),(11,11,1),(12,12,2),(13,13,2),(14,14,4),(15,15,3),(16,16,5),(17,17,3),(18,18,3),(19,19,4),(20,20,2),(21,21,1),(22,22,1),(23,23,1),(24,24,1),(25,25,1),(26,26,2),(27,27,2),(28,28,4),(29,29,4),(30,30,1),(31,31,1),(32,32,2),(33,33,5),(34,34,3),(35,35,1),(36,36,4),(37,37,5),(38,38,1),(39,39,4),(40,40,3),(41,41,3),(42,42,1),(43,43,5),(44,44,2),(45,45,3),(46,46,3),(47,47,1),(48,48,4),(49,49,3),(50,50,5),(1,1,4),(2,2,1),(3,3,3),(4,4,5),(5,5,4),(6,6,5),(7,7,1),(8,8,1),(9,9,1),(10,10,3),(11,11,3),(12,12,5),(13,13,5),(14,14,1),(15,15,3),(16,16,5),(17,17,5),(18,18,5),(19,19,1),(20,20,3),(21,21,1),(22,22,2),(23,23,3),(24,24,1),(25,25,5),(26,26,1),(27,27,1),(28,28,5),(29,29,3),(30,30,3),(31,31,2),(32,32,1),(33,33,1),(34,34,3),(35,35,2),(36,36,5),(37,37,5),(38,38,3),(39,39,4),(40,40,5),(41,41,4),(42,42,4),(43,43,3),(44,44,2),(45,45,5),(46,46,5),(47,47,2),(48,48,5),(49,49,1),(50,50,2),(1,1,2),(2,2,1),(3,3,1),(4,4,2),(5,5,1),(6,6,3),(7,7,5),(8,8,5),(9,9,1),(10,10,4),(11,11,3),(12,12,3),(13,13,3),(14,14,5),(15,15,3),(16,16,5),(17,17,1),(18,18,2),(19,19,4),(20,20,4),(21,21,1),(22,22,3),(23,23,1),(24,24,4),(25,25,5),(26,26,2),(27,27,2),(28,28,1),(29,29,4),(30,30,4),(31,31,1),(32,32,4),(33,33,1),(34,34,4),(35,35,1),(36,36,4),(37,37,3),(38,38,2),(39,39,3),(40,40,2),(41,41,1),(42,42,3),(43,43,2),(44,44,2),(45,45,2),(46,46,4),(47,47,5),(48,48,3),(49,49,2),(50,50,1);


# 12. Рейтинги сериалов
DROP TABLE IF EXISTS serial_ratings;
CREATE TABLE serial_ratings(
	serial_id BIGINT UNSIGNED NOT NULL, -- id сериала
	user_id BIGINT UNSIGNED NOT NULL,  -- id пользователя поставившего оценку
	rating TINYINT UNSIGNED,  -- Оценка
	FOREIGN KEY (serial_id) REFERENCES serials(id),
	FOREIGN KEY (user_id) REFERENCES users(id)
);

INSERT INTO `serial_ratings` VALUES (1,1,4),(2,2,4),(3,3,3),(4,4,1),(5,5,3),(6,6,1),(7,7,3),(8,8,1),(9,9,4),(10,10,2),(1,11,5),(2,12,3),(3,13,3),(4,14,2),(5,15,5),(6,16,3),(7,17,4),(8,18,5),(9,19,1),(10,20,2),(1,21,3),(2,22,4),(3,23,4),(4,24,5),(5,25,4),(6,26,1),(7,27,3),(8,28,2),(9,29,5),(10,30,1),(1,31,4),(2,32,2),(3,33,3),(4,34,3),(5,35,4),(6,36,3),(7,37,2),(8,38,1),(9,39,2),(10,40,3),(1,41,2),(2,42,5),(3,43,4),(4,44,5),(5,45,2),(6,46,4),(7,47,1),(8,48,3),(9,49,5),(10,50,1),(1,1,2),(2,2,3),(3,3,3),(4,4,2),(5,5,1),(6,6,1),(7,7,5),(8,8,5),(9,9,3),(10,10,1),(1,11,4),(2,12,5),(3,13,3),(4,14,4),(5,15,4),(6,16,3),(7,17,3),(8,18,1),(9,19,5),(10,20,1),(1,21,4),(2,22,2),(3,23,4),(4,24,2),(5,25,4),(6,26,2),(7,27,2),(8,28,3),(9,29,1),(10,30,2),(1,31,4),(2,32,2),(3,33,5),(4,34,3),(5,35,5),(6,36,1),(7,37,5),(8,38,5),(9,39,1),(10,40,1),(1,41,4),(2,42,2),(3,43,3),(4,44,1),(5,45,3),(6,46,3),(7,47,4),(8,48,2),(9,49,2),(10,50,1),(1,1,3),(2,2,1),(3,3,1),(4,4,2),(5,5,2),(6,6,1),(7,7,3),(8,8,2),(9,9,1),(10,10,5),(1,11,4),(2,12,5),(3,13,5),(4,14,3),(5,15,4),(6,16,3),(7,17,3),(8,18,2),(9,19,5),(10,20,1),(1,21,4),(2,22,5),(3,23,2),(4,24,4),(5,25,2),(6,26,3),(7,27,2),(8,28,1),(9,29,4),(10,30,2),(1,31,1),(2,32,3),(3,33,3),(4,34,3),(5,35,5),(6,36,3),(7,37,2),(8,38,4),(9,39,5),(10,40,5),(1,41,4),(2,42,1),(3,43,3),(4,44,1),(5,45,2),(6,46,1),(7,47,4),(8,48,1),(9,49,3),(10,50,1),(1,1,5),(2,2,5),(3,3,2),(4,4,3),(5,5,2),(6,6,3),(7,7,4),(8,8,5),(9,9,5),(10,10,5),(1,11,1),(2,12,4),(3,13,4),(4,14,4),(5,15,4),(6,16,3),(7,17,2),(8,18,3),(9,19,4),(10,20,1),(1,21,3),(2,22,4),(3,23,4),(4,24,1),(5,25,4),(6,26,4),(7,27,3),(8,28,3),(9,29,2),(10,30,1),(1,31,5),(2,32,1),(3,33,1),(4,34,2),(5,35,4),(6,36,2),(7,37,2),(8,38,2),(9,39,2),(10,40,3),(1,41,3),(2,42,1),(3,43,2),(4,44,4),(5,45,1),(6,46,4),(7,47,2),(8,48,4),(9,49,3),(10,50,3),(1,1,2),(2,2,5),(3,3,2),(4,4,2),(5,5,3),(6,6,2),(7,7,3),(8,8,1),(9,9,3),(10,10,4),(1,11,2),(2,12,2),(3,13,3),(4,14,2),(5,15,5),(6,16,2),(7,17,1),(8,18,3),(9,19,4),(10,20,4),(1,21,4),(2,22,4),(3,23,4),(4,24,5),(5,25,1),(6,26,1),(7,27,4),(8,28,2),(9,29,2),(10,30,2),(1,31,4),(2,32,2),(3,33,1),(4,34,5),(5,35,4),(6,36,5),(7,37,1),(8,38,3),(9,39,5),(10,40,3),(1,41,5),(2,42,2),(3,43,5),(4,44,3),(5,45,4),(6,46,2),(7,47,5),(8,48,4),(9,49,4),(10,50,3),(1,1,3),(2,2,2),(3,3,1),(4,4,1),(5,5,3),(6,6,4),(7,7,2),(8,8,2),(9,9,2),(10,10,2),(1,11,1),(2,12,4),(3,13,5),(4,14,1),(5,15,2),(6,16,1),(7,17,3),(8,18,1),(9,19,3),(10,20,3),(1,21,2),(2,22,5),(3,23,4),(4,24,5),(5,25,2),(6,26,1),(7,27,5),(8,28,1),(9,29,4),(10,30,1),(1,31,5),(2,32,5),(3,33,4),(4,34,4),(5,35,5),(6,36,2),(7,37,5),(8,38,3),(9,39,3),(10,40,2),(1,41,1),(2,42,1),(3,43,3),(4,44,3),(5,45,5),(6,46,3),(7,47,1),(8,48,2),(9,49,4),(10,50,4),(1,1,3),(2,2,1),(3,3,1),(4,4,3),(5,5,2),(6,6,4),(7,7,3),(8,8,3),(9,9,3),(10,10,5),(1,11,4),(2,12,5),(3,13,5),(4,14,5),(5,15,5),(6,16,4),(7,17,4),(8,18,2),(9,19,1),(10,20,5),(1,21,4),(2,22,5),(3,23,3),(4,24,1),(5,25,1),(6,26,2),(7,27,2),(8,28,3),(9,29,4),(10,30,3),(1,31,4),(2,32,2),(3,33,4),(4,34,3),(5,35,1),(6,36,1),(7,37,1),(8,38,3),(9,39,1),(10,40,5),(1,41,3),(2,42,3),(3,43,3),(4,44,1),(5,45,5),(6,46,2),(7,47,3),(8,48,4),(9,49,3),(10,50,2),(1,1,5),(2,2,2),(3,3,4),(4,4,2),(5,5,1),(6,6,2),(7,7,3),(8,8,4),(9,9,1),(10,10,2),(1,11,2),(2,12,3),(3,13,5),(4,14,5),(5,15,5),(6,16,4),(7,17,1),(8,18,4),(9,19,1),(10,20,1),(1,21,3),(2,22,4),(3,23,2),(4,24,1),(5,25,3),(6,26,5),(7,27,4),(8,28,5),(9,29,3),(10,30,3),(1,31,3),(2,32,4),(3,33,4),(4,34,4),(5,35,5),(6,36,1),(7,37,1),(8,38,1),(9,39,4),(10,40,4),(1,41,1),(2,42,2),(3,43,1),(4,44,3),(5,45,5),(6,46,5),(7,47,2),(8,48,4),(9,49,5),(10,50,3),(1,1,5),(2,2,1),(3,3,5),(4,4,4),(5,5,5),(6,6,4),(7,7,3),(8,8,3),(9,9,3),(10,10,5),(1,11,3),(2,12,3),(3,13,4),(4,14,2),(5,15,4),(6,16,5),(7,17,2),(8,18,2),(9,19,2),(10,20,4),(1,21,3),(2,22,5),(3,23,5),(4,24,4),(5,25,3),(6,26,5),(7,27,4),(8,28,1),(9,29,4),(10,30,3),(1,31,2),(2,32,3),(3,33,3),(4,34,4),(5,35,5),(6,36,5),(7,37,3),(8,38,5),(9,39,5),(10,40,5),(1,41,1),(2,42,1),(3,43,3),(4,44,2),(5,45,5),(6,46,3),(7,47,2),(8,48,2),(9,49,1),(10,50,5),(1,1,1),(2,2,3),(3,3,5),(4,4,2),(5,5,4),(6,6,5),(7,7,5),(8,8,4),(9,9,4),(10,10,5),(1,11,5),(2,12,1),(3,13,2),(4,14,2),(5,15,4),(6,16,1),(7,17,2),(8,18,1),(9,19,4),(10,20,3),(1,21,4),(2,22,1),(3,23,5),(4,24,4),(5,25,2),(6,26,1),(7,27,2),(8,28,1),(9,29,1),(10,30,3),(1,31,1),(2,32,3),(3,33,4),(4,34,2),(5,35,5),(6,36,5),(7,37,1),(8,38,4),(9,39,1),(10,40,4),(1,41,5),(2,42,3),(3,43,4),(4,44,4),(5,45,4),(6,46,2),(7,47,4),(8,48,2),(9,49,2),(10,50,5);


# 13. Киноличности в фильмах
DROP TABLE IF EXISTS film_movie_persons;
CREATE TABLE film_movie_persons(
	movie_person_id BIGINT UNSIGNED NOT NULL, -- id кино-персоны
	film_id BIGINT UNSIGNED NOT NULL,  -- id фильма
	type ENUM('director', 'actor'),  -- Тип, режиссер или актер
	FOREIGN KEY (movie_person_id) REFERENCES movie_persons(id),
	FOREIGN KEY (film_id) REFERENCES films(id)
);

INSERT INTO `film_movie_persons` VALUES (1,1,'director'),(2,2,'director'),(3,3,'actor'),(4,4,'actor'),(5,5,'director'),(6,6,'director'),(7,7,'actor'),(8,8,'actor'),(9,9,'director'),(10,10,'actor'),(11,11,'director'),(12,12,'actor'),(13,13,'director'),(14,14,'director'),(15,15,'actor'),(16,16,'director'),(17,17,'actor'),(18,18,'actor'),(19,19,'director'),(20,20,'director'),(21,21,'actor'),(22,22,'director'),(23,23,'actor'),(24,24,'actor'),(25,25,'actor'),(26,26,'director'),(27,27,'director'),(28,28,'director'),(29,29,'director'),(30,30,'director'),(31,31,'director'),(32,32,'actor'),(33,33,'director'),(34,34,'director'),(35,35,'director'),(36,36,'director'),(37,37,'director'),(38,38,'actor'),(39,39,'actor'),(40,40,'director'),(41,41,'director'),(42,42,'director'),(43,43,'actor'),(44,44,'director'),(45,45,'actor'),(46,46,'actor'),(47,47,'director'),(48,48,'director'),(49,49,'actor'),(50,50,'actor'),(51,1,'actor'),(52,2,'director'),(53,3,'director'),(54,4,'director'),(55,5,'director'),(56,6,'director'),(57,7,'director'),(58,8,'director'),(59,9,'actor'),(60,10,'director'),(61,11,'director'),(62,12,'actor'),(63,13,'actor'),(64,14,'actor'),(65,15,'actor'),(66,16,'actor'),(67,17,'actor'),(68,18,'actor'),(69,19,'director'),(70,20,'actor'),(71,21,'director'),(72,22,'director'),(73,23,'actor'),(74,24,'actor'),(75,25,'actor'),(76,26,'actor'),(77,27,'actor'),(78,28,'director'),(79,29,'director'),(80,30,'actor'),(81,31,'actor'),(82,32,'director'),(83,33,'director'),(84,34,'actor'),(85,35,'actor'),(86,36,'actor'),(87,37,'actor'),(88,38,'actor'),(89,39,'actor'),(90,40,'actor'),(91,41,'actor'),(92,42,'director'),(93,43,'director'),(94,44,'actor'),(95,45,'actor'),(96,46,'actor'),(97,47,'director'),(98,48,'actor'),(99,49,'actor'),(100,50,'director');


# 14. Киноличности в сериалах
DROP TABLE IF EXISTS serial_movie_persons;
CREATE TABLE serial_movie_persons(
	movie_person_id BIGINT UNSIGNED NOT NULL,  -- id кино-персоны
	serial_id BIGINT UNSIGNED NOT NULL,  -- id сериала
	type ENUM('director', 'actor'),  -- Тип, режиссер или актер
	FOREIGN KEY (movie_person_id) REFERENCES movie_persons(id),
	FOREIGN KEY (serial_id) REFERENCES serials(id)
);

INSERT INTO `serial_movie_persons` VALUES (1,1,'director'),(2,2,'actor'),(3,3,'actor'),(4,4,'actor'),(5,5,'director'),(6,6,'director'),(7,7,'actor'),(8,8,'director'),(9,9,'director'),(10,10,'director'),(11,1,'actor'),(12,2,'actor'),(13,3,'director'),(14,4,'director'),(15,5,'director'),(16,6,'director'),(17,7,'actor'),(18,8,'director'),(19,9,'director'),(20,10,'actor'),(21,1,'director'),(22,2,'director'),(23,3,'director'),(24,4,'director'),(25,5,'director'),(26,6,'director'),(27,7,'actor'),(28,8,'actor'),(29,9,'actor'),(30,10,'actor'),(31,1,'director'),(32,2,'actor'),(33,3,'director'),(34,4,'director'),(35,5,'actor'),(36,6,'actor'),(37,7,'actor'),(38,8,'actor'),(39,9,'actor'),(40,10,'director'),(41,1,'actor'),(42,2,'director'),(43,3,'actor'),(44,4,'actor'),(45,5,'director'),(46,6,'director'),(47,7,'actor'),(48,8,'director'),(49,9,'actor'),(50,10,'director'),(51,1,'director'),(52,2,'director'),(53,3,'actor'),(54,4,'director'),(55,5,'director'),(56,6,'actor'),(57,7,'actor'),(58,8,'actor'),(59,9,'actor'),(60,10,'actor'),(61,1,'actor'),(62,2,'actor'),(63,3,'director'),(64,4,'actor'),(65,5,'actor'),(66,6,'actor'),(67,7,'director'),(68,8,'director'),(69,9,'director'),(70,10,'director'),(71,1,'actor'),(72,2,'director'),(73,3,'actor'),(74,4,'actor'),(75,5,'director'),(76,6,'director'),(77,7,'actor'),(78,8,'director'),(79,9,'actor'),(80,10,'actor'),(81,1,'actor'),(82,2,'actor'),(83,3,'director'),(84,4,'director'),(85,5,'actor'),(86,6,'director'),(87,7,'director'),(88,8,'actor'),(89,9,'actor'),(90,10,'actor'),(91,1,'actor'),(92,2,'director'),(93,3,'actor'),(94,4,'actor'),(95,5,'actor'),(96,6,'director'),(97,7,'actor'),(98,8,'director'),(99,9,'director'),(100,10,'actor');


# 15. Жанры в фильмах
DROP TABLE IF EXISTS film_genres;
CREATE TABLE film_genres(
	film_id BIGINT UNSIGNED NOT NULL,  -- id фильма
	genre_type_id BIGINT UNSIGNED NOT NULL,  -- id типа жанра
	FOREIGN KEY (film_id) REFERENCES films(id),
	FOREIGN KEY (genre_type_id) REFERENCES genre_types(id)
);

INSERT INTO `film_genres` VALUES (30,46),(23,5),(34,26),(8,54),(13,38),(4,15),(29,12),(17,49),(30,13),(40,11),(19,25),(45,27),(42,42),(37,34),(28,30),(14,55),(48,50),(10,44),(19,13),(3,56),(9,28),(44,5),(36,36),(22,10),(23,49),(38,50),(26,35),(50,44),(38,30),(45,34),(41,55),(28,28),(25,20),(32,41),(21,37),(5,12),(24,25),(26,30),(37,6),(28,26),(37,8),(23,41),(27,45),(48,38),(21,41),(31,54),(39,56),(42,28),(29,7),(8,35),(2,37),(39,30),(29,36),(42,15),(49,20),(43,31),(26,24),(3,5),(42,5),(14,15),(35,52),(27,24),(30,1),(30,32),(8,29),(16,41),(34,38),(5,42),(25,52),(27,18),(10,54),(18,27),(38,48),(35,53),(6,4),(29,47),(26,9),(46,4),(25,34),(44,29),(20,1),(29,44),(24,30),(22,47),(24,27),(26,41),(14,53),(7,3),(1,34),(50,34),(43,16),(23,3),(25,9),(20,35),(2,55),(42,18),(47,12),(7,53),(10,33),(6,30);


# 16. Жанры в сериалах
DROP TABLE IF EXISTS serial_genres;
CREATE TABLE serial_genres(
	serial_id BIGINT UNSIGNED NOT NULL,  -- id сериала
	genre_type_id BIGINT UNSIGNED NOT NULL,  -- id типа жанра
	FOREIGN KEY (serial_id) REFERENCES serials(id),
	FOREIGN KEY (genre_type_id) REFERENCES genre_types(id)
);

INSERT INTO `serial_genres` VALUES (7,47),(5,31),(2,12),(1,20),(9,49),(6,22),(1,30),(2,48),(3,16),(10,32),(4,17),(7,39),(2,27),(9,34),(9,50),(2,39),(8,49),(3,56),(8,28),(6,17),(9,32),(7,26),(4,3),(9,13),(3,52),(7,35),(7,52),(10,46),(5,18),(7,8);


                                            /* СОЗДАНИЕ ТРИГГЕРОВ */

/* Тригер проверки расширения файла при загрузке в талицу с файлами "files" */
DROP TRIGGER IF EXISTS check_file_extension;
DELIMITER $$
CREATE TRIGGER check_file_extension BEFORE INSERT ON files
FOR EACH ROW 
BEGIN
	CASE
		WHEN SUBSTRING(NEW.filename, -4) = '.mp4' AND NEW.type_id != 3 THEN			
			SIGNAL SQLSTATE '45000' SET MESSAGE_TEXT = 'При загрузке видео расширение файла должо быть .mp4';
		WHEN SUBSTRING(NEW.filename, -4) = '.jpg' AND NEW.type_id NOT IN(1, 2) THEN
			SIGNAL SQLSTATE '45000' SET MESSAGE_TEXT = 'При загрузке фото или обложки расширение файла должо быть .jpg';
		ELSE SIGNAL SQLSTATE '45000' SET MESSAGE_TEXT = 'В таблицу files загружаются только фото или видео';
END CASE;
END$$
DELIMITER ;


                                            /* СОЗДАНИЕ ФУНКЦИЙ */

/* Функция подсчитывающая средний рейтинг по фильмам и сериалам по киноличности на платформе */
DROP FUNCTION IF EXISTS rating_count;  
DELIMITER $$
CREATE FUNCTION rating_count(person_id BIGINT)
RETURNS DOUBLE DETERMINISTIC 
BEGIN
	DECLARE avg_rating DOUBLE;
	/*SET @avg_rating = 0*/
	SELECT ROUND(((AVG(film_ratings.rating) + AVG(serial_ratings.rating)) / 2), 2) INTO avg_rating 
	FROM film_ratings 
	JOIN films ON films.id = film_ratings.film_id 
	JOIN film_movie_persons ON film_movie_persons.film_id = films.id
	JOIN movie_persons ON movie_persons.id = film_movie_persons.movie_person_id 
	JOIN serial_movie_persons ON serial_movie_persons.movie_person_id = movie_persons.id
	JOIN serials ON serials.id = serial_movie_persons.serial_id 
	JOIN serial_ratings ON serial_ratings.serial_id = serials.id
	WHERE film_movie_persons.movie_person_id = person_id;
	RETURN avg_rating;
END$$
DELIMITER ;



                                            /* СОЗДАНИЕ ПРЕДСТАВЛЕНИЙ */

/* Страницы фильмов */
CREATE OR REPLACE VIEW films_view 
AS SELECT 
	films.id, 
	films.name AS 'Название', 
	films.year AS 'Год производства', 
	films.country AS 'Страна',
	GROUP_CONCAT(DISTINCT genre_types.type) AS 'Жанр',
	GROUP_CONCAT(DISTINCT (SELECT movie_persons.firstname FROM movie_persons WHERE movie_persons.id = film_movie_persons.movie_person_id AND movie_persons.type = 'director')) AS 'Режиссеры',
	GROUP_CONCAT(DISTINCT (SELECT movie_persons.firstname FROM movie_persons WHERE movie_persons.id = film_movie_persons.movie_person_id AND movie_persons.type = 'actor')) AS 'Актеры',
	CONCAT(films.box_office_world, ' $') AS 'Сборы в мире',
	CONCAT(films.box_office_rus, ' $') AS 'Сборы в России',
	films.premier_date_world AS 'Премьера в мире',
	films.premier_date_rus AS 'Премьера в России',
	CONCAT(films.age_limit, '+') AS 'Возраст',
	(SELECT AVG(rating) FROM film_ratings WHERE films.id = film_ratings.film_id) AS 'Рейтинг',
	CONCAT(films.duration, ' мин.') AS 'Продолжительность',
	(SELECT files.filename FROM files WHERE files.id = films.cover_file_id) AS 'Файл обложки',
	(SELECT files.filename FROM files WHERE files.id = films.film_file_id)AS 'Файл фильма'
FROM films 
JOIN film_genres ON film_genres.film_id = films.id  -- Для жанра
JOIN genre_types ON genre_types.id = film_genres.genre_type_id  -- Для жанра
JOIN film_movie_persons ON film_movie_persons.film_id = films.id -- Для режиссеров и актеров
JOIN movie_persons ON movie_persons.id = film_movie_persons.movie_person_id -- Для режиссеров и актеров
GROUP BY films.name
ORDER BY films.id;


/* Страницы сериалов */
CREATE OR REPLACE VIEW serials_view 
AS SELECT 
	serials.id,
	CONCAT(serials.name, ' (', (SELECT COUNT(*) FROM seasons_serials WHERE serial_id = serials.id), ' сезонов)') AS 'Название', 
	CONCAT((SELECT MIN(seasons_serials.year) FROM seasons_serials WHERE serial_id = serials.id), '-', 
		   (SELECT MAX(seasons_serials.year) FROM seasons_serials WHERE serial_id = serials.id)) AS 'Года',
	serials.country AS 'Страна',
	GROUP_CONCAT(DISTINCT genre_types.type) AS 'Жанр',
	GROUP_CONCAT(DISTINCT (SELECT movie_persons.firstname FROM movie_persons WHERE movie_persons.id = serial_movie_persons.movie_person_id AND movie_persons.type = 'director')) AS 'Режиссеры',
	GROUP_CONCAT(DISTINCT (SELECT movie_persons.firstname FROM movie_persons WHERE movie_persons.id = serial_movie_persons.movie_person_id AND movie_persons.type = 'actor')) AS 'Актеры',
	serials.premier_date_world AS 'Премьера в мире',
	serials.premier_date_rus AS 'Премьера в России',
	CONCAT(serials.age_limit, '+') AS 'Возраст',
	CONCAT((SELECT ROUND(AVG(episodes_serials.duration)) FROM episodes_serials WHERE episodes_serials.serial_id = serials.id), ' мин.') AS 'Продолжительность серии',
	(SELECT files.filename FROM files WHERE files.id = serials.cover_file_id) AS 'Файл обложки'
FROM serials
JOIN serial_genres ON serial_genres.serial_id = serials.id  -- Для жанра
JOIN genre_types ON genre_types.id = serial_genres.genre_type_id  -- Для жанра
JOIN serial_movie_persons ON serial_movie_persons.serial_id = serials.id -- Для режиссеров и актеров
JOIN movie_persons ON movie_persons.id = serial_movie_persons.movie_person_id -- Для режиссеров и актеров
GROUP BY serials.name
ORDER BY serials.id;


/* Страницы актеров */
CREATE OR REPLACE VIEW actros_view 
AS SELECT
	movie_persons.id,
	CONCAT(movie_persons.firstname, ' ', movie_persons.lastname) AS 'Имя и Фамилия',
	movie_persons.height AS 'Рост',
	movie_persons.birthday AS 'Дата рождения',
	movie_persons.city_birthday AS 'Место рождения',
	rating_count(movie_persons.id) AS 'Средний рейтинг',
	(SELECT COUNT(*) FROM film_movie_persons WHERE film_movie_persons.movie_person_id = movie_persons.id) AS 'Количество фильмов',
	(SELECT COUNT(*) FROM serial_movie_persons WHERE serial_movie_persons.movie_person_id = movie_persons.id) AS 'Количество сериалов'
FROM movie_persons
WHERE movie_persons.type = 'actor'
ORDER BY movie_persons.id;



/* Страницы режиссеров */
CREATE OR REPLACE VIEW directors_view 
AS SELECT
	movie_persons.id,
	CONCAT(movie_persons.firstname, ' ', movie_persons.lastname) AS 'Имя и Фамилия',
	movie_persons.height AS 'Рост',
	movie_persons.birthday AS 'Дата рождения',
	movie_persons.city_birthday AS 'Место рождения',
	rating_count(movie_persons.id) AS 'Средний рейтинг',
	(SELECT COUNT(*) FROM film_movie_persons WHERE film_movie_persons.movie_person_id = movie_persons.id) AS 'Количество фильмов',
	(SELECT COUNT(*) FROM serial_movie_persons WHERE serial_movie_persons.movie_person_id = movie_persons.id) AS 'Количество сериалов'
FROM movie_persons
WHERE movie_persons.type = 'director'
ORDER BY movie_persons.id;